local_timestamp,temperature,humidity,air_quality,noise_level,temperature_anomaly,humidity_anomaly,air_quality_anomaly,noise_level_anomaly
2025-04-26 16:19:48.314000+00:00,32.9,72.1,167,16,True,False,False,False
2025-04-26 16:20:49.951000+00:00,32.8,72.8,169,16,True,False,False,False
2025-04-26 16:22:53.250000+00:00,32.7,73.8,184,20,False,True,False,False
2025-04-26 16:36:16.530000+00:00,33.4,71.9,182,25,False,False,False,True
2025-04-26 16:48:35.225000+00:00,33.7,69.9,378,268,False,False,True,True
2025-04-26 16:49:36.665000+00:00,33.5,70.5,390,270,False,False,True,False
2025-04-26 18:12:00.453000+00:00,32.9,74.6,359,205,True,False,False,False
2025-04-26 18:18:10.149000+00:00,32.7,74.9,448,272,False,False,True,True
2025-04-26 18:19:11.768000+00:00,32.6,75.1,463,329,False,False,True,True
2025-04-26 19:32:44.310000+00:00,32.7,73.3,409,305,False,False,False,True
2025-04-26 19:33:46.008000+00:00,32.7,73.3,325,187,False,False,True,True
2025-04-26 19:35:49.040000+00:00,32.6,73.9,299,180,False,False,True,False
2025-04-26 19:36:50.715000+00:00,32.5,74.2,400,301,False,False,False,True
2025-04-26 19:43:00.575000+00:00,32.3,74.7,285,144,False,False,False,True
2025-04-26 19:44:02.438000+00:00,32.3,75.0,187,14,False,False,True,True
2025-04-26 19:45:04.056000+00:00,32.4,76.5,206,67,False,True,False,False
2025-04-26 20:05:36.002000+00:00,32.1,76.5,262,91,False,False,True,False
2025-04-26 20:06:37.609000+00:00,32.1,76.6,297,110,False,False,True,True
2025-04-26 20:08:41.318000+00:00,32.0,76.4,286,114,True,False,False,False
2025-04-26 20:30:14.468000+00:00,31.9,77.4,272,112,True,False,False,False
2025-04-26 20:37:25.791000+00:00,31.9,77.6,240,85,False,False,False,True
2025-04-26 20:50:46.780000+00:00,31.8,77.4,133,17,False,False,True,True
2025-04-26 20:51:48.420000+00:00,31.8,77.4,267,171,False,False,False,True
2025-04-26 20:53:51.511000+00:00,31.5,77.6,269,175,True,False,False,False
2025-04-26 20:54:53.390000+00:00,31.4,77.8,268,173,True,False,False,False
2025-04-26 20:55:55.021000+00:00,31.2,78.3,275,174,True,True,False,False
2025-04-26 20:58:59.958000+00:00,31.1,79.5,281,176,False,True,False,False
2025-04-26 21:09:24.603000+00:00,31.8,77.6,121,0,False,False,False,True
2025-04-26 21:57:42.602000+00:00,31.0,78.4,213,134,False,True,False,False
2025-04-26 22:06:57.204000+00:00,31.1,78.9,224,85,False,False,False,True
2025-04-26 22:26:28.927000+00:00,31.2,78.7,187,31,False,False,False,True
2025-04-26 22:29:33.880000+00:00,31.0,79.8,144,10,False,True,False,False
2025-04-26 23:03:32.264000+00:00,31.4,79.5,131,28,False,False,False,True
2025-04-26 23:22:02.730000+00:00,31.2,78.4,100,0,False,False,False,True
2025-04-26 23:34:28.341000+00:00,31.2,78.1,102,42,False,False,False,True
2025-04-27 06:13:59.046000+00:00,31.1,78.1,212,82,False,False,True,True
2025-04-27 06:15:00.483000+00:00,29.5,80.6,208,86,True,True,False,False
2025-04-27 06:51:46.562000+00:00,29.7,81.1,218,124,False,False,True,False
2025-04-27 06:53:49.038000+00:00,29.6,81.6,214,127,False,True,False,False
2025-04-27 07:09:07.802000+00:00,29.5,82.2,247,150,False,False,True,False
2025-04-27 07:11:10.283000+00:00,29.5,82.5,255,174,False,False,False,True
2025-04-27 07:12:11.617000+00:00,29.5,82.5,123,2,False,False,True,True
2025-04-27 07:15:19.320000+00:00,30.4,81.0,101,0,True,True,False,False
2025-04-27 07:16:20.462000+00:00,30.5,78.7,90,0,True,True,False,False
2025-04-27 07:18:46.918000+00:00,29.6,82.1,184,114,False,False,False,True
2025-04-27 16:29:20.157000+00:00,32.3,73.6,909,66,True,True,True,False
2025-04-27 16:30:21.596000+00:00,32.4,73.3,652,63,False,False,True,True
2025-04-27 17:19:44.950000+00:00,32.7,71.8,242,65,False,True,False,False
2025-04-27 17:37:11.841000+00:00,32.6,72.5,191,73,True,False,False,False
2025-04-27 18:12:00.891000+00:00,32.6,73.1,204,64,False,False,True,False
2025-04-27 18:29:31.924000+00:00,32.5,74.1,264,69,True,False,False,False
2025-04-27 19:04:55.987000+00:00,32.2,76.1,195,64,True,True,False,False
2025-04-27 19:10:07.968000+00:00,32.2,75.8,291,222,False,False,False,True
2025-04-27 19:25:35.620000+00:00,31.8,78.2,333,131,False,False,False,True
2025-04-27 19:50:16.037000+00:00,31.3,79.7,305,95,True,False,False,False
2025-04-27 20:20:56.021000+00:00,31.5,80.1,203,103,False,False,True,False
2025-04-27 20:58:45.095000+00:00,31.2,81.0,355,64,False,False,False,True
2025-04-27 21:00:47.566000+00:00,31.0,81.1,326,100,True,False,False,False
2025-04-27 21:41:38.392000+00:00,31.5,80.1,85,63,False,False,True,True
2025-04-27 22:28:44.542000+00:00,31.1,81.1,241,126,False,False,False,True
2025-04-27 23:01:31.222000+00:00,30.9,81.4,239,118,True,False,False,False
2025-04-27 23:55:03.910000+00:00,30.9,81.8,244,123,False,False,False,True
2025-04-28 01:09:38.072000+00:00,30.3,82.0,291,192,False,False,False,True
2025-04-28 02:29:14.180000+00:00,30.7,80.1,266,156,True,False,False,False
2025-04-28 02:53:43.059000+00:00,30.7,80.4,263,160,False,True,False,False
2025-04-28 02:55:45.331000+00:00,30.9,80.0,256,160,True,False,False,False
2025-04-28 02:58:49.351000+00:00,31.0,79.5,285,156,False,False,True,False
2025-04-28 03:51:53.595000+00:00,30.4,79.9,254,157,True,False,False,False
2025-04-28 03:59:02.265000+00:00,30.4,80.1,304,151,False,False,True,False
2025-04-28 04:00:03.598000+00:00,30.4,80.4,352,150,False,True,True,False
2025-04-28 04:33:43.506000+00:00,30.5,80.3,273,151,False,True,False,False
2025-04-28 05:26:49.505000+00:00,30.2,80.1,295,171,False,False,False,True
2025-04-28 06:03:33.840000+00:00,30.0,80.5,265,153,False,True,False,False
2025-04-28 06:25:00.242000+00:00,29.9,80.2,294,151,False,False,True,False
2025-04-28 06:26:01.580000+00:00,29.9,80.4,322,155,False,False,True,False
2025-04-28 08:19:27.537000+00:00,30.3,82.0,272,152,False,False,True,False
2025-04-28 08:35:47.428000+00:00,30.4,82.0,378,152,False,False,True,False
2025-04-28 08:36:52.360000+00:00,30.4,82.0,400,147,False,False,True,False
2025-04-28 08:41:03.062000+00:00,30.4,82.0,210,48,False,False,False,True
2025-04-28 08:42:04.385000+00:00,30.5,83.7,279,74,False,True,False,False
2025-04-28 09:09:38.308000+00:00,30.3,82.7,291,197,False,False,False,True
2025-04-28 09:39:19.416000+00:00,30.9,80.4,368,271,False,False,True,True
2025-04-28 10:30:23.946000+00:00,31.6,77.4,418,231,False,False,True,False
2025-04-28 10:31:25.824000+00:00,31.5,77.6,464,231,False,False,True,False
2025-04-28 10:42:39.817000+00:00,31.6,76.8,455,263,False,False,False,True
2025-04-28 11:26:35.806000+00:00,32.1,74.0,354,245,False,False,True,True
2025-04-28 11:27:37.149000+00:00,32.1,74.1,370,271,False,False,True,True
2025-04-28 12:35:59.574000+00:00,32.1,74.3,336,199,False,False,True,False
2025-04-28 12:37:00.481000+00:00,32.2,74.0,357,196,False,False,True,False
2025-04-28 13:03:36.341000+00:00,32.1,73.4,310,218,True,False,False,False
2025-04-28 13:05:38.918000+00:00,32.2,73.2,309,230,False,False,False,True
2025-04-28 13:06:40.281000+00:00,32.4,72.7,311,214,True,False,False,False
2025-04-28 13:07:41.491000+00:00,32.5,72.1,314,218,True,False,False,False
2025-04-28 13:28:06.963000+00:00,32.5,71.9,366,259,False,False,False,True
2025-04-28 13:29:08.196000+00:00,32.6,71.4,387,278,False,False,False,True
2025-04-28 13:52:36.657000+00:00,33.5,70.9,297,216,True,False,False,False
2025-04-28 14:56:56.568000+00:00,33.5,70.6,331,202,False,False,True,False
2025-04-28 14:58:59.348000+00:00,33.6,70.0,329,223,False,False,False,True
2025-04-28 15:00:00.592000+00:00,33.5,69.3,330,225,False,True,False,False
2025-04-28 15:27:33.725000+00:00,33.7,69.4,257,218,False,False,True,False
2025-04-28 15:29:36.267000+00:00,33.3,71.3,213,104,False,False,True,True
2025-04-28 15:53:05.971000+00:00,33.0,71.4,227,130,False,False,True,True
2025-04-28 15:54:07.093000+00:00,33.0,71.4,225,133,False,False,False,True
2025-04-28 15:55:08.231000+00:00,32.9,71.3,226,144,False,False,False,True
2025-04-28 16:06:21.846000+00:00,33.4,70.7,258,144,True,False,False,False
2025-04-28 16:16:34.836000+00:00,33.9,68.9,236,130,False,False,False,True
2025-04-28 16:19:38.848000+00:00,34.1,68.8,293,138,False,False,True,False
2025-04-28 17:25:03.372000+00:00,34.3,67.8,243,140,True,False,False,False
2025-04-28 17:52:40.773000+00:00,34.1,67.9,208,96,False,False,True,True
2025-04-28 17:53:42.011000+00:00,34.1,68.4,199,93,False,True,True,False
2025-04-28 18:06:57.590000+00:00,34.0,67.0,192,93,False,True,False,False
2025-04-28 18:07:58.828000+00:00,34.0,66.9,190,94,False,True,False,False
2025-04-28 18:09:00.376000+00:00,34.0,67.1,195,94,False,True,False,False
2025-04-28 18:11:02.953000+00:00,34.0,67.1,198,95,False,True,False,False
2025-04-28 18:12:04.089000+00:00,34.0,67.0,207,98,False,True,False,False
2025-04-28 18:13:05.543000+00:00,34.0,67.1,199,95,False,True,False,False
2025-04-28 18:14:06.666000+00:00,34.0,67.1,202,98,False,True,False,False
2025-04-28 18:15:08.002000+00:00,34.0,67.0,201,101,False,True,False,False
2025-04-28 18:16:09.343000+00:00,34.0,67.0,206,101,False,True,False,False
2025-04-28 18:17:10.576000+00:00,34.0,67.1,201,95,False,True,False,False
2025-04-28 18:18:11.713000+00:00,33.9,67.0,205,94,False,True,False,False
2025-04-28 18:19:13.157000+00:00,33.9,67.0,206,92,False,True,False,False
2025-04-28 18:20:14.597000+00:00,33.9,67.1,208,95,False,True,False,False
2025-04-28 18:22:17.077000+00:00,34.0,67.1,208,94,False,True,False,False
2025-04-28 18:23:18.312000+00:00,33.9,67.1,205,93,False,True,False,False
2025-04-28 18:24:19.443000+00:00,34.0,67.1,201,94,False,True,False,False
2025-04-28 18:38:36.473000+00:00,34.0,67.6,224,109,False,False,True,True
2025-04-28 18:40:38.944000+00:00,33.6,69.6,208,110,True,True,False,False
2025-04-28 18:41:40.179000+00:00,33.0,71.3,208,106,True,True,False,False
2025-04-28 18:42:41.515000+00:00,32.8,72.5,213,106,True,True,False,False
2025-04-28 20:14:37.193000+00:00,32.0,77.6,249,137,False,False,False,True
2025-04-28 20:15:38.332000+00:00,32.0,77.6,255,136,False,False,True,False
2025-04-28 20:16:39.667000+00:00,32.0,77.6,263,137,False,False,True,False
2025-04-28 20:36:04.413000+00:00,31.7,77.3,280,133,True,False,False,False
2025-04-28 20:39:08.145000+00:00,31.7,77.7,261,113,False,False,False,True
2025-04-28 21:03:37.815000+00:00,31.6,74.8,176,118,False,False,True,False
2025-04-28 21:04:38.963000+00:00,31.4,75.1,212,113,True,False,False,False
2025-04-28 21:05:40.094000+00:00,31.3,75.9,210,112,True,False,False,False
2025-04-28 21:58:48.121000+00:00,31.5,77.7,278,86,True,True,False,False
2025-04-28 22:00:50.591000+00:00,31.3,78.2,319,128,False,False,False,True
2025-04-28 22:51:53.283000+00:00,30.9,80.3,164,84,False,False,True,False
2025-04-28 23:21:32.342000+00:00,31.1,79.2,320,109,False,False,False,True
2025-04-28 23:52:09.996000+00:00,30.6,80.4,201,80,True,True,False,False
2025-04-28 23:53:11.231000+00:00,30.4,81.2,201,80,True,True,False,False
2025-04-29 00:03:23.805000+00:00,30.5,80.7,231,91,False,False,False,True
2025-04-29 00:59:32.377000+00:00,29.9,82.9,278,113,False,False,False,True
2025-04-29 01:24:10.479000+00:00,30.4,80.8,272,89,True,True,False,False
2025-04-29 01:27:14.080000+00:00,30.4,80.4,314,91,False,False,True,False
2025-04-29 04:09:30.325000+00:00,30.1,79.3,230,80,False,False,True,False
2025-04-29 04:10:31.559000+00:00,30.1,79.4,238,85,False,False,True,False
2025-04-29 05:09:42.921000+00:00,30.0,78.8,222,81,False,False,True,False
2025-04-29 05:10:44.056000+00:00,30.0,78.8,240,80,False,False,True,False
2025-04-29 05:39:17.167000+00:00,29.6,79.9,208,80,False,True,False,False
2025-04-29 05:40:18.299000+00:00,29.5,80.3,209,80,False,True,False,False
2025-04-29 06:17:01.624000+00:00,29.5,80.8,180,80,True,False,False,False
2025-04-29 06:49:40.506000+00:00,29.4,81.5,198,79,False,False,True,False
2025-04-29 07:03:57.218000+00:00,29.6,81.3,208,70,False,False,False,True
2025-04-29 07:05:59.953000+00:00,29.4,82.5,209,75,False,True,False,False
2025-04-29 07:07:02.124000+00:00,29.1,83.6,223,78,False,True,False,False
2025-04-29 07:08:03.304000+00:00,29.0,84.3,230,74,False,True,False,False
2025-04-29 07:15:11.956000+00:00,28.7,85.8,203,103,False,False,False,True
2025-04-29 07:46:47.985000+00:00,29.2,85.2,173,82,False,True,False,False
2025-04-29 08:12:18.693000+00:00,29.9,83.0,126,105,False,False,True,True
2025-04-29 08:13:19.930000+00:00,29.9,82.9,176,109,False,False,False,True
2025-04-29 09:26:46.573000+00:00,30.9,78.5,208,134,False,False,False,True
2025-04-29 10:38:14.931000+00:00,31.8,74.1,298,119,False,False,True,False
2025-04-29 10:41:18.647000+00:00,31.9,72.9,272,112,False,True,False,False
2025-04-29 11:34:22.177000+00:00,32.7,72.5,149,121,False,False,True,True
2025-04-29 12:20:06.194000+00:00,33.2,72.1,179,79,False,True,False,False
2025-04-29 12:21:07.329000+00:00,33.2,71.9,151,51,False,False,False,True
2025-04-29 12:53:48.263000+00:00,33.2,71.6,151,80,False,False,True,False
2025-04-29 12:54:49.494000+00:00,33.3,71.7,122,74,False,False,True,False
2025-04-29 13:05:02.177000+00:00,33.1,70.5,155,77,False,True,False,False
2025-04-29 13:06:03.317000+00:00,33.0,70.1,140,70,False,True,False,False
2025-04-29 13:55:45.518000+00:00,33.2,70.4,272,77,False,False,True,False
2025-04-29 13:58:54.964000+00:00,33.5,69.4,208,75,True,True,False,False
2025-04-29 13:59:56.306000+00:00,33.7,69.0,199,70,True,True,False,False
2025-04-29 14:08:11.732000+00:00,34.6,67.4,176,66,True,False,False,False
2025-04-29 14:09:13.077000+00:00,34.6,67.0,170,73,True,True,False,False
2025-04-29 14:10:14.310000+00:00,34.5,67.0,160,69,False,True,False,False
2025-04-29 14:11:15.552000+00:00,34.6,66.9,167,73,True,True,False,False
2025-04-29 14:12:16.891000+00:00,34.7,66.6,165,71,True,True,False,False
2025-04-29 14:13:18.017000+00:00,34.7,66.6,165,70,True,True,False,False
2025-04-29 14:14:19.361000+00:00,34.7,66.7,165,75,True,True,False,False
2025-04-29 14:15:20.604000+00:00,34.6,67.0,163,70,True,True,False,False
2025-04-29 14:16:21.942000+00:00,34.7,66.9,154,65,True,True,False,False
2025-04-29 14:17:23.282000+00:00,34.7,66.8,167,59,True,True,False,False
2025-04-29 14:18:24.824000+00:00,34.7,66.7,156,64,True,True,False,False
2025-04-29 14:19:26.066000+00:00,34.8,66.5,155,62,True,True,False,False
2025-04-29 14:20:27.304000+00:00,34.8,66.1,147,65,True,True,False,False
2025-04-29 14:21:28.644000+00:00,34.8,66.0,145,74,True,True,False,False
2025-04-29 14:22:30.080000+00:00,34.8,66.0,155,63,True,True,False,False
2025-04-29 14:23:31.321000+00:00,34.7,66.2,145,64,True,True,False,False
2025-04-29 14:24:32.554000+00:00,34.8,65.9,145,65,True,True,False,False
2025-04-29 14:25:33.689000+00:00,34.8,65.9,145,60,True,True,False,False
2025-04-29 14:26:34.826000+00:00,34.8,65.8,144,64,True,True,False,False
2025-04-29 14:27:36.163000+00:00,34.8,66.1,149,65,True,True,False,False
2025-04-29 14:28:37.403000+00:00,34.8,66.2,141,62,True,True,False,False
2025-04-29 14:29:38.531000+00:00,34.8,66.4,144,64,True,True,False,False
2025-04-29 14:30:39.771000+00:00,34.9,66.3,144,64,True,True,False,False
2025-04-29 14:31:41.010000+00:00,34.9,66.0,150,64,True,True,False,False
2025-04-29 14:32:42.353000+00:00,34.9,65.8,143,65,True,True,False,False
2025-04-29 14:33:43.598000+00:00,34.9,65.8,144,64,True,True,False,False
2025-04-29 14:34:44.838000+00:00,34.9,65.8,122,64,True,True,False,False
2025-04-29 14:35:46.074000+00:00,34.9,66.3,107,66,True,True,True,False
2025-04-29 14:36:47.202000+00:00,34.6,67.8,114,74,True,True,False,False
2025-04-29 14:37:48.337000+00:00,34.3,69.2,112,67,True,True,False,False
2025-04-29 14:38:49.798000+00:00,34.0,70.3,111,69,True,True,False,False
2025-04-29 14:59:11.950000+00:00,33.0,71.6,165,48,True,False,False,False
2025-04-29 15:00:13.288000+00:00,32.9,72.3,143,56,False,True,False,False
2025-04-29 15:09:24.632000+00:00,33.3,71.4,149,38,False,False,False,True
2025-04-29 15:16:33.606000+00:00,33.2,72.0,98,59,False,False,True,False
2025-04-29 15:18:36.079000+00:00,32.6,73.6,132,60,False,True,False,False
2025-04-29 15:29:49.581000+00:00,32.3,75.6,193,43,False,False,False,True
2025-04-29 16:04:32.070000+00:00,32.2,76.2,240,60,False,False,True,False
2025-04-29 16:05:33.307000+00:00,32.1,77.0,272,122,False,False,True,True
2025-04-29 17:14:58.842000+00:00,32.9,73.2,188,80,True,False,False,False
2025-04-29 17:23:08.389000+00:00,32.7,73.4,219,134,False,False,True,True
2025-04-29 17:24:09.517000+00:00,32.7,75.4,112,0,False,True,True,True
2025-04-29 17:42:32.437000+00:00,33.4,71.5,228,143,False,False,False,True
2025-04-29 19:15:26.349000+00:00,33.6,72.3,272,135,False,True,False,False
2025-04-29 19:20:33.262000+00:00,33.6,72.7,289,142,False,False,True,False
2025-04-29 19:22:37.523000+00:00,32.9,75.3,293,137,True,True,False,False
2025-04-29 19:23:42.139000+00:00,32.4,77.0,304,137,True,True,True,False
2025-04-29 19:59:24.034000+00:00,31.9,78.6,265,132,True,True,False,False
2025-04-29 20:00:25.300000+00:00,32.0,78.3,277,122,True,True,False,False
2025-04-29 20:01:26.548000+00:00,32.0,78.0,282,123,False,True,False,False
2025-04-29 20:09:36.444000+00:00,31.9,78.2,249,121,False,False,True,False
2025-04-29 20:21:53.647000+00:00,31.5,78.2,267,126,True,False,False,False
2025-04-29 22:06:07.055000+00:00,31.0,81.3,185,171,False,True,True,True
2025-04-29 22:06:45.626000+00:00,31.0,81.4,422,215,False,False,True,True
2025-04-29 23:01:51.858000+00:00,30.5,81.8,304,155,True,False,False,False
2025-04-29 23:22:16.197000+00:00,31.8,76.4,329,171,False,False,True,False
2025-04-29 23:23:17.333000+00:00,31.8,76.2,340,176,False,False,True,False
2025-04-29 23:53:54.247000+00:00,31.0,76.5,314,160,False,False,False,True
2025-04-30 00:00:01.680000+00:00,31.0,76.7,371,180,False,False,True,False
2025-04-30 00:01:02.817000+00:00,31.0,76.6,426,179,False,False,True,False
2025-04-30 00:05:07.972000+00:00,31.3,75.7,400,179,False,True,False,False
2025-04-30 00:11:15.601000+00:00,31.5,74.9,483,418,False,False,False,True
2025-04-30 00:12:16.933000+00:00,31.5,74.7,477,406,False,False,False,True
2025-04-30 00:13:18.183000+00:00,31.6,75.1,477,400,False,False,False,True
2025-04-30 00:14:19.725000+00:00,31.7,75.1,478,400,False,False,False,True
2025-04-30 00:15:20.850000+00:00,31.8,74.8,484,402,False,False,False,True
2025-04-30 00:16:22.092000+00:00,31.9,74.4,493,402,False,False,False,True
2025-04-30 00:17:23.223000+00:00,31.9,74.2,497,401,False,False,False,True
2025-04-30 00:18:24.570000+00:00,31.9,74.0,482,404,False,False,False,True
2025-04-30 00:19:25.903000+00:00,32.0,73.9,474,400,False,False,False,True
2025-04-30 00:20:27.246000+00:00,32.0,73.9,486,399,False,False,False,True
2025-04-30 00:21:28.380000+00:00,32.0,73.9,477,398,False,False,False,True
2025-04-30 00:22:29.515000+00:00,32.0,74.0,474,441,False,False,False,True
2025-04-30 00:23:30.644000+00:00,32.0,73.9,437,390,False,False,False,True
2025-04-30 00:24:31.988000+00:00,32.0,74.0,457,388,False,False,False,True
2025-04-30 00:25:33.240000+00:00,32.0,73.9,460,391,False,False,False,True
2025-04-30 00:26:34.371000+00:00,32.0,73.9,461,394,False,False,False,True
2025-04-30 00:27:35.502000+00:00,32.0,73.7,463,391,False,False,False,True
2025-04-30 00:28:36.735000+00:00,32.0,73.9,475,410,False,False,False,True
2025-04-30 00:29:37.870000+00:00,32.0,73.7,483,403,False,False,False,True
2025-04-30 00:30:39.560000+00:00,32.0,73.8,475,382,False,False,False,True
2025-04-30 00:31:40.757000+00:00,32.0,73.9,473,400,False,False,False,True
2025-04-30 00:32:41.989000+00:00,32.0,73.8,470,400,False,False,False,True
2025-04-30 00:33:43.330000+00:00,32.0,73.8,475,400,False,False,False,True
2025-04-30 00:34:44.569000+00:00,32.0,73.7,477,393,False,False,False,True
2025-04-30 00:35:45.907000+00:00,32.0,73.7,490,400,False,False,False,True
2025-04-30 00:36:47.146000+00:00,32.0,73.6,490,403,False,False,False,True
2025-04-30 00:37:48.489000+00:00,32.0,73.6,482,397,False,False,False,True
2025-04-30 00:38:50.028000+00:00,32.0,73.5,479,400,False,False,False,True
2025-04-30 00:39:51.265000+00:00,32.0,73.2,478,386,False,False,False,True
2025-04-30 00:40:52.507000+00:00,32.0,73.6,481,374,False,False,False,True
2025-04-30 00:41:53.640000+00:00,32.0,73.7,478,388,False,False,False,True
2025-04-30 00:42:54.773000+00:00,32.0,73.5,471,385,False,False,False,True
2025-04-30 00:43:56.136000+00:00,31.9,73.5,475,383,True,False,False,True
2025-04-30 00:44:57.251000+00:00,31.9,73.7,477,384,False,False,False,True
2025-04-30 00:45:58.381000+00:00,31.8,73.7,487,389,True,False,False,True
2025-04-30 00:46:59.616000+00:00,31.8,74.0,480,390,False,False,False,True
2025-04-30 00:48:01.475000+00:00,31.7,74.1,476,385,False,False,False,True
2025-04-30 00:49:02.608000+00:00,31.7,74.1,485,398,False,False,False,True
2025-04-30 00:50:04.053000+00:00,31.8,74.1,478,388,False,False,False,True
2025-04-30 00:51:05.294000+00:00,31.7,74.2,477,390,False,False,False,True
2025-04-30 00:52:06.422000+00:00,31.7,74.2,478,384,False,False,False,True
2025-04-30 00:53:07.552000+00:00,31.7,74.3,476,384,False,False,False,True
2025-04-30 00:54:08.798000+00:00,31.6,74.4,482,387,False,False,False,True
2025-04-30 00:55:10.136000+00:00,31.6,74.5,481,399,False,False,False,True
2025-04-30 00:56:11.315000+00:00,31.6,74.6,476,381,False,False,False,True
2025-04-30 00:57:12.614000+00:00,31.7,74.5,468,370,False,False,False,True
2025-04-30 00:58:13.848000+00:00,31.8,74.1,464,365,False,False,False,True
2025-04-30 00:59:14.978000+00:00,31.9,73.9,463,364,False,False,False,True
2025-04-30 01:00:16.223000+00:00,32.0,73.5,464,356,False,False,False,True
2025-04-30 01:47:13.958000+00:00,32.0,73.3,378,307,True,False,False,False
2025-04-30 01:50:17.983000+00:00,32.0,73.9,374,304,False,True,False,False
2025-04-30 01:51:19.217000+00:00,31.9,74.3,383,304,False,True,False,False
2025-04-30 01:58:27.689000+00:00,31.9,74.2,400,306,False,False,True,False
2025-04-30 02:01:31.395000+00:00,31.8,74.3,432,305,False,False,True,False
2025-04-30 02:40:18.930000+00:00,31.8,74.2,384,297,False,False,False,True
2025-04-30 02:54:36.252000+00:00,31.7,74.6,451,322,False,False,True,True
2025-04-30 04:04:18.316000+00:00,31.4,74.5,385,310,False,False,False,True
2025-04-30 04:29:49.659000+00:00,31.3,74.5,391,304,True,False,False,False
2025-04-30 04:33:54.613000+00:00,31.4,74.3,393,298,False,False,False,True
2025-04-30 04:48:11.634000+00:00,31.4,74.4,422,302,False,False,True,False
2025-04-30 05:06:34.212000+00:00,31.3,74.2,402,304,True,False,False,False
2025-04-30 05:13:42.971000+00:00,31.4,74.2,389,289,False,False,False,True
2025-04-30 05:52:30.403000+00:00,31.0,75.4,417,307,False,False,True,False
2025-04-30 06:07:48.976000+00:00,31.3,74.4,454,303,False,False,True,False
2025-04-30 06:38:26.616000+00:00,31.9,73.0,402,327,False,False,False,True
2025-04-30 06:47:38.053000+00:00,31.9,73.0,384,304,False,False,True,False
2025-04-30 06:51:43.101000+00:00,31.8,73.4,474,318,False,False,True,False
2025-04-30 06:52:44.443000+00:00,31.8,73.8,526,314,False,False,True,False
2025-04-30 06:54:46.920000+00:00,31.4,74.9,527,320,True,True,False,False
2025-04-30 06:55:48.154000+00:00,31.1,76.0,525,320,True,True,False,False
2025-04-30 06:56:49.597000+00:00,30.8,76.6,543,321,True,False,False,False
2025-04-30 07:12:08.463000+00:00,30.4,78.7,558,408,False,False,False,True
2025-04-30 07:13:09.803000+00:00,30.2,79.1,543,401,False,False,False,True
2025-04-30 07:14:11.050000+00:00,30.1,79.5,551,416,False,False,False,True
2025-04-30 07:15:12.483000+00:00,30.0,79.9,545,415,False,False,False,True
2025-04-30 07:16:13.729000+00:00,30.0,80.2,557,431,False,False,False,True
2025-04-30 07:17:14.965000+00:00,30.0,80.3,560,432,False,False,False,True
2025-04-30 07:18:16.193000+00:00,30.0,80.4,559,430,False,False,False,True
2025-04-30 07:19:17.338000+00:00,30.0,80.4,547,416,False,False,False,True
2025-04-30 07:20:18.470000+00:00,30.0,80.4,542,414,False,False,False,True
2025-04-30 07:21:19.605000+00:00,30.0,80.5,547,418,False,False,False,True
2025-04-30 07:22:21.047000+00:00,30.0,80.6,543,414,False,False,False,True
2025-04-30 07:23:22.384000+00:00,30.1,80.6,529,398,False,False,False,True
2025-04-30 07:24:23.623000+00:00,30.1,80.5,533,400,False,False,False,True
2025-04-30 07:25:24.752000+00:00,30.1,80.3,511,384,False,False,False,True
2025-04-30 07:26:25.897000+00:00,30.1,80.5,511,381,False,False,False,True
2025-04-30 07:27:27.137000+00:00,30.1,80.7,510,374,False,False,False,True
2025-04-30 07:28:28.260000+00:00,30.1,80.7,496,368,False,False,False,True
2025-04-30 07:29:29.404000+00:00,30.1,80.7,495,359,False,False,False,True
2025-04-30 07:30:30.640000+00:00,30.1,80.6,487,354,False,False,False,True
2025-04-30 07:54:59.592000+00:00,29.9,82.3,423,313,False,True,False,False
2025-04-30 07:56:00.761000+00:00,29.7,83.3,317,179,True,True,True,True
2025-04-30 07:57:02.102000+00:00,29.6,83.8,287,133,False,False,True,True
2025-04-30 08:51:47.421000+00:00,30.3,83.6,297,177,False,True,False,False
2025-04-30 08:54:12.932000+00:00,30.3,83.0,295,177,False,True,False,False
2025-04-30 09:09:43.915000+00:00,30.5,82.2,312,197,False,False,False,True
2025-04-30 10:01:47.331000+00:00,30.6,81.4,319,222,False,False,False,True
2025-04-30 10:10:58.639000+00:00,30.4,81.2,362,237,False,False,True,False
2025-04-30 11:14:28.169000+00:00,30.7,82.2,386,273,True,False,False,False
2025-04-30 11:30:48.564000+00:00,30.4,82.8,391,285,True,False,False,False
2025-04-30 11:31:49.800000+00:00,30.3,83.1,394,292,True,False,False,False
2025-04-30 11:34:53.518000+00:00,30.1,84.1,343,208,False,False,True,True
2025-04-30 12:01:26.406000+00:00,30.5,82.9,358,221,False,True,False,False
2025-04-30 12:02:27.765000+00:00,30.3,83.9,356,219,True,True,False,False
2025-04-30 12:03:28.881000+00:00,30.1,84.5,348,217,True,True,False,False
2025-04-30 12:37:09.216000+00:00,29.8,87.5,410,264,True,False,True,True
2025-04-30 12:38:10.543000+00:00,29.9,87.8,406,272,False,False,False,True
2025-04-30 12:39:11.903000+00:00,30.0,87.4,415,273,True,False,False,False
2025-04-30 12:40:13.229000+00:00,30.1,87.1,425,286,True,False,False,False
2025-04-30 12:41:14.462000+00:00,30.2,87.0,446,304,True,False,False,False
2025-04-30 12:48:26.092000+00:00,30.3,85.6,507,387,False,False,False,True
2025-04-30 12:49:27.253000+00:00,30.3,85.7,536,405,False,False,False,True
2025-04-30 12:50:33.179000+00:00,30.3,85.7,538,401,False,False,False,True
2025-04-30 12:51:34.312000+00:00,30.4,85.8,536,402,False,False,False,True
2025-04-30 12:52:35.649000+00:00,30.4,85.6,545,402,False,False,False,True
2025-04-30 12:53:16.578000+00:00,30.4,85.6,545,402,False,False,False,True
2025-04-30 12:53:37.090000+00:00,30.4,85.7,349,147,False,False,True,True
2025-04-30 14:18:22.172000+00:00,30.3,81.5,255,116,False,False,True,True
2025-04-30 14:19:23.308000+00:00,30.4,81.6,245,121,False,False,False,True
2025-04-30 14:38:47.325000+00:00,30.0,79.5,243,123,True,False,False,False
2025-04-30 15:18:35.080000+00:00,30.1,80.6,251,132,True,False,False,False
2025-04-30 15:19:36.212000+00:00,30.0,80.7,257,131,True,False,False,False
2025-04-30 16:31:04.782000+00:00,30.4,83.4,256,114,True,False,False,False
2025-04-30 16:38:13.239000+00:00,30.6,82.6,253,111,False,True,False,False
2025-04-30 16:39:14.382000+00:00,30.7,82.2,253,108,False,True,False,False
2025-04-30 17:09:52.524000+00:00,30.0,84.6,266,141,False,False,True,True
2025-04-30 17:11:54.817000+00:00,30.0,84.8,273,167,False,False,False,True
2025-04-30 17:32:19.643000+00:00,29.6,85.9,323,185,True,True,False,False
2025-04-30 17:33:20.885000+00:00,29.5,86.5,317,192,False,True,False,False
2025-04-30 19:32:47.203000+00:00,30.1,83.5,282,123,True,False,False,False
2025-04-30 19:37:53.600000+00:00,29.7,84.9,272,126,True,True,False,False
2025-04-30 19:48:06.486000+00:00,29.6,85.4,295,146,False,False,False,True
2025-04-30 20:16:45.688000+00:00,29.6,84.7,339,190,False,False,True,True
2025-04-30 20:17:48.813000+00:00,29.6,84.6,345,189,False,False,True,False
2025-04-30 20:30:58.965000+00:00,29.5,84.9,354,196,False,False,False,True
2025-04-30 20:42:13.192000+00:00,29.4,85.0,507,381,False,False,True,True
2025-04-30 20:42:39.789000+00:00,29.4,85.0,507,381,False,False,False,True
2025-04-30 20:43:11.412000+00:00,29.4,85.0,507,381,False,False,False,True
2025-04-30 20:43:14.332000+00:00,29.4,85.2,447,297,False,True,False,False
2025-04-30 20:45:18.140000+00:00,29.5,84.8,557,450,False,False,False,True
2025-04-30 20:45:50.426000+00:00,29.5,84.8,557,450,False,False,False,True
2025-04-30 20:46:22.100000+00:00,29.4,84.9,410,261,False,False,False,True
2025-04-30 20:56:29.187000+00:00,29.5,84.7,383,254,False,False,True,False
2025-04-30 20:58:31.453000+00:00,29.4,85.0,417,249,True,False,False,False
2025-04-30 21:02:42.189000+00:00,29.6,84.6,352,201,False,False,False,True
2025-04-30 21:08:43.211000+00:00,29.2,85.8,363,191,False,True,False,False
2025-04-30 21:24:01.980000+00:00,29.4,84.8,349,205,False,False,False,True
2025-04-30 21:39:21.790000+00:00,29.3,85.1,378,205,False,False,True,False
2025-04-30 21:40:24.863000+00:00,29.2,85.2,377,204,True,False,False,False
2025-04-30 22:06:54.174000+00:00,29.2,85.7,369,212,True,False,False,False
2025-04-30 22:09:57.870000+00:00,29.1,85.9,358,208,False,False,True,False
2025-04-30 22:29:22.530000+00:00,28.9,86.2,345,209,True,False,False,False
2025-04-30 22:30:25.697000+00:00,28.8,86.3,338,211,True,False,False,False
2025-04-30 22:44:39.896000+00:00,28.8,86.6,355,211,True,True,False,False
2025-04-30 22:45:51.771000+00:00,28.8,86.9,358,213,False,True,False,False
2025-04-30 22:53:57.558000+00:00,28.8,86.8,368,224,False,False,False,True
2025-04-30 22:58:55.632000+00:00,28.7,86.7,347,205,True,False,False,False
2025-05-01 00:04:16.278000+00:00,28.7,86.5,320,181,False,False,False,True
2025-05-01 01:32:06.372000+00:00,28.5,85.5,263,157,False,True,False,False
2025-05-01 02:43:32.387000+00:00,28.5,85.7,269,152,True,False,False,False
2025-05-01 04:43:59.145000+00:00,28.3,86.4,253,155,True,False,False,False
2025-05-01 04:52:09.761000+00:00,28.4,86.4,273,153,False,False,True,False
2025-05-01 05:05:25.946000+00:00,28.4,86.2,304,151,False,False,True,False
2025-05-01 05:06:27.182000+00:00,28.5,86.2,353,193,False,False,True,True
2025-05-01 05:07:28.319000+00:00,28.5,86.2,368,198,False,False,False,True
2025-05-01 05:08:29.581000+00:00,28.5,84.8,384,209,False,True,False,False
2025-05-01 05:09:33.563000+00:00,28.6,84.2,387,221,False,True,False,False
2025-05-01 05:34:31.525000+00:00,28.7,84.9,400,265,True,False,False,False
2025-05-01 05:50:52.761000+00:00,28.6,84.9,386,253,False,False,False,True
2025-05-01 05:51:54.001000+00:00,28.5,85.2,374,258,False,False,True,False
2025-05-01 05:52:55.180000+00:00,28.4,85.5,375,261,True,True,False,False
2025-05-01 05:53:56.368000+00:00,28.4,85.8,384,256,False,True,False,False
2025-05-01 06:06:10.904000+00:00,28.1,87.0,459,357,False,False,False,True
2025-05-01 06:07:12.155000+00:00,28.1,87.0,453,363,False,False,False,True
2025-05-01 06:32:43.594000+00:00,28.1,88.3,398,329,True,True,False,False
2025-05-01 07:08:28.032000+00:00,28.3,86.8,380,292,False,False,False,True
2025-05-01 07:44:00.078000+00:00,28.4,87.0,382,288,True,False,False,False
2025-05-01 07:45:01.313000+00:00,28.5,86.7,379,286,True,False,False,False
2025-05-01 08:22:59.187000+00:00,28.6,87.2,355,272,False,True,False,False
2025-05-01 08:24:00.627000+00:00,28.7,87.1,355,262,False,False,False,True
2025-05-01 08:49:30.541000+00:00,28.9,87.4,350,249,False,False,False,True
2025-05-01 09:11:57.567000+00:00,29.3,87.9,352,249,False,False,False,True
2025-05-01 09:21:08.600000+00:00,29.2,87.4,272,170,False,False,True,True
2025-05-01 09:54:48.308000+00:00,30.2,84.0,272,170,False,True,False,False
2025-05-01 10:50:10.900000+00:00,30.1,85.1,320,176,False,False,True,False
2025-05-01 10:52:13.274000+00:00,30.1,85.5,288,191,False,False,False,True
2025-05-01 11:01:24.206000+00:00,30.0,86.7,334,213,True,False,False,False
2025-05-01 11:16:42.356000+00:00,30.2,87.0,366,209,False,False,True,False
2025-05-01 11:17:43.698000+00:00,30.2,86.8,386,207,False,False,True,False
2025-05-01 11:44:16.081000+00:00,30.4,82.1,399,245,False,False,False,True
2025-05-01 12:46:31.057000+00:00,31.0,81.8,388,230,False,False,True,False
2025-05-01 13:16:09.194000+00:00,31.1,81.0,322,208,False,False,True,False
2025-05-01 13:18:11.768000+00:00,31.2,80.1,336,240,False,True,False,True
2025-05-01 13:19:12.933000+00:00,31.1,80.2,194,33,False,False,True,True
2025-05-01 14:21:27.774000+00:00,31.8,76.4,210,115,False,False,True,False
2025-05-01 14:50:03.577000+00:00,32.1,75.2,176,118,False,False,True,False
2025-05-01 15:46:32.093000+00:00,33.2,69.9,234,93,False,False,False,True
2025-05-01 16:02:52.923000+00:00,33.3,69.1,223,11,False,False,False,True
2025-05-01 16:03:54.167000+00:00,33.3,70.3,292,147,False,False,True,True
2025-05-01 16:05:56.731000+00:00,32.8,70.6,230,19,True,False,False,True
2025-05-01 16:18:11.684000+00:00,32.1,74.8,217,107,False,False,False,True
2025-05-01 17:34:45.527000+00:00,31.8,76.2,251,132,False,False,False,True
2025-05-01 17:38:50.470000+00:00,31.7,76.7,283,141,True,False,True,False
2025-05-01 17:40:52.845000+00:00,31.6,76.9,289,156,True,False,False,False
2025-05-01 18:12:35.409000+00:00,31.2,77.4,466,353,False,False,False,True
2025-05-01 19:14:53.246000+00:00,31.0,79.8,407,208,True,False,False,False
2025-05-01 19:15:54.800000+00:00,30.9,80.3,422,212,True,False,False,False
2025-05-01 19:16:55.923000+00:00,30.8,80.5,433,239,True,False,False,True
2025-05-01 20:02:51.514000+00:00,31.3,79.6,422,195,False,False,False,True
2025-05-01 20:27:20.596000+00:00,31.0,80.1,432,239,False,False,True,True
2025-05-01 20:28:21.728000+00:00,31.0,80.3,407,219,False,True,False,False
2025-05-01 20:45:42.775000+00:00,30.9,81.3,447,225,True,False,False,False
2025-05-01 21:00:00.405000+00:00,30.9,81.9,466,304,False,False,False,True
2025-05-01 21:04:04.979000+00:00,31.0,81.9,409,156,False,False,False,True
2025-05-01 22:07:20.230000+00:00,30.6,82.5,341,133,False,False,True,True
2025-05-01 22:09:10.421000+00:00,30.6,83.0,397,0,False,False,False,True
2025-05-01 22:11:12.720000+00:00,30.6,83.1,343,120,False,False,False,True
2025-05-01 22:40:41.923000+00:00,30.7,82.8,354,121,False,False,True,False
2025-05-01 23:14:21.951000+00:00,31.0,81.4,345,119,False,False,True,False
2025-05-01 23:15:23.176000+00:00,31.0,81.4,359,123,False,False,True,False
2025-05-01 23:29:40.098000+00:00,30.6,82.4,350,130,True,True,False,False
2025-05-01 23:30:41.229000+00:00,30.5,83.0,361,143,True,True,False,True
2025-05-02 00:04:23.603000+00:00,30.1,84.4,432,112,False,False,False,True
2025-05-02 00:52:20.030000+00:00,30.0,84.2,347,144,True,False,False,False
2025-05-02 00:56:24.564000+00:00,30.1,84.4,419,143,False,False,True,False
2025-05-02 01:26:02.907000+00:00,29.9,84.6,375,154,False,False,False,True
2025-05-02 02:04:49.414000+00:00,29.7,84.6,368,168,True,False,False,False
2025-05-02 02:47:44.366000+00:00,29.9,83.7,366,169,False,True,False,False
2025-05-02 03:28:36.319000+00:00,30.2,81.5,319,158,True,False,False,False
2025-05-02 03:41:52.315000+00:00,30.1,81.9,310,168,False,False,False,True
2025-05-02 04:23:47.751000+00:00,30.0,82.1,296,156,False,False,True,False
2025-05-02 04:42:11.569000+00:00,30.1,82.0,304,149,True,False,False,False
2025-05-02 05:30:14.733000+00:00,29.8,82.2,289,148,False,False,True,False
2025-05-02 05:39:26.392000+00:00,29.7,82.4,300,145,True,False,False,False
2025-05-02 06:38:38.367000+00:00,29.6,82.9,336,166,True,False,False,False
2025-05-02 07:19:28.165000+00:00,29.5,83.8,358,163,False,False,True,False
2025-05-02 07:20:29.302000+00:00,29.5,83.7,363,165,False,False,True,False
2025-05-02 07:25:35.489000+00:00,29.6,83.6,340,167,True,False,False,False
2025-05-02 07:35:47.860000+00:00,29.6,84.1,317,162,False,True,False,False
2025-05-02 08:16:38.184000+00:00,29.9,84.1,337,160,False,False,True,False
2025-05-02 08:17:39.432000+00:00,29.9,84.2,354,163,False,False,True,False
2025-05-02 08:42:09.731000+00:00,30.1,83.1,355,238,False,True,True,True
2025-05-02 09:35:26.796000+00:00,30.1,84.9,394,253,False,False,True,True
2025-05-02 09:41:27.023000+00:00,30.2,85.3,115,43,False,True,True,True
2025-05-02 10:05:14.433000+00:00,29.8,82.8,399,330,False,False,True,True
2025-05-02 10:06:15.879000+00:00,29.7,83.0,419,352,False,False,True,True
2025-05-02 10:09:20.506000+00:00,29.5,82.5,432,353,False,False,False,True
2025-05-02 10:34:51.956000+00:00,30.0,83.0,439,351,False,False,False,True
2025-05-02 10:37:55.569000+00:00,29.9,82.8,446,362,False,False,False,True
2025-05-02 10:38:56.805000+00:00,30.0,82.7,455,372,False,False,False,True
2025-05-02 10:39:58.045000+00:00,30.0,82.6,448,358,False,False,False,True
2025-05-02 11:07:33.084000+00:00,29.8,80.7,403,286,False,False,False,True
2025-05-02 11:41:18.745000+00:00,30.3,78.7,447,329,True,False,False,False
2025-05-02 11:42:19.980000+00:00,30.4,76.3,450,334,True,True,False,False
2025-05-02 11:44:22.562000+00:00,30.2,76.5,368,243,False,False,True,True
2025-05-02 11:46:24.817000+00:00,31.2,83.5,351,231,True,True,False,False
2025-05-02 11:47:26.167000+00:00,30.5,75.4,352,222,False,True,False,False
2025-05-02 12:16:02.660000+00:00,30.9,76.5,460,362,False,False,True,True
2025-05-02 12:17:04.021000+00:00,30.9,76.6,288,230,False,False,True,True
2025-05-02 12:54:21.626000+00:00,31.2,79.4,343,325,False,False,False,True
2025-05-02 12:58:27.183000+00:00,31.3,78.5,169,48,False,False,True,True
2025-05-02 13:27:05.150000+00:00,31.2,75.3,298,173,False,False,False,True
2025-05-02 13:29:07.904000+00:00,31.3,75.6,342,251,False,False,False,True
2025-05-02 13:30:09.037000+00:00,31.4,75.8,384,305,False,False,False,True
2025-05-02 13:32:11.638000+00:00,31.4,75.6,268,132,False,False,True,True
2025-05-02 13:45:13.154000+00:00,32.2,72.6,274,150,False,True,False,False
2025-05-02 14:17:57.360000+00:00,31.8,73.8,208,80,False,False,False,True
2025-05-02 14:26:08.192000+00:00,32.1,74.2,258,124,False,False,False,True
2025-05-02 14:50:07.010000+00:00,32.2,77.0,319,171,False,False,False,True
2025-05-02 15:41:13.657000+00:00,32.0,76.6,399,236,True,False,False,False
2025-05-02 16:19:06.101000+00:00,31.7,77.5,482,255,False,False,True,False
2025-05-02 16:25:13.966000+00:00,31.7,76.9,335,118,False,False,True,True
2025-05-02 16:45:46.222000+00:00,31.6,78.6,336,140,False,True,False,False
2025-05-02 16:54:58.108000+00:00,31.7,77.3,304,133,False,False,True,False
2025-05-02 16:58:01.723000+00:00,31.7,77.3,334,154,False,False,False,True
2025-05-02 17:11:17.814000+00:00,31.5,78.2,403,151,False,False,True,False
2025-05-02 17:30:41.112000+00:00,31.5,78.8,398,223,False,False,False,True
2025-05-02 18:01:18.758000+00:00,31.3,79.4,363,205,False,False,True,False
2025-05-02 18:15:36.384000+00:00,31.3,79.8,416,197,False,False,False,True
2025-05-02 18:17:38.758000+00:00,31.3,79.9,416,255,False,False,False,True
2025-05-02 18:50:18.261000+00:00,31.2,80.9,431,162,False,False,False,True
2025-05-02 18:53:22.383000+00:00,31.1,80.6,434,194,True,False,False,False
2025-05-02 19:13:48.266000+00:00,31.1,80.0,443,217,False,False,False,True
2025-05-02 20:43:53.139000+00:00,30.8,82.0,412,187,True,False,False,False
2025-05-02 21:30:49.954000+00:00,30.6,80.7,369,190,False,False,True,False
2025-05-02 21:43:04.399000+00:00,30.3,81.0,391,205,False,False,False,True
2025-05-02 21:56:20.282000+00:00,30.1,81.1,417,241,False,False,True,True
2025-05-02 22:13:02.681000+00:00,29.8,81.7,416,240,True,True,False,False
2025-05-02 22:14:02.201000+00:00,29.9,82.3,432,241,False,True,False,False
2025-05-02 22:17:06.023000+00:00,30.1,81.8,462,238,False,False,True,False
2025-05-02 22:24:15.407000+00:00,30.2,81.7,418,208,False,False,False,True
2025-05-02 23:10:13.344000+00:00,30.5,80.6,374,222,False,False,True,False
2025-05-02 23:13:16.952000+00:00,30.4,80.7,398,215,True,False,False,False
2025-05-02 23:14:18.168000+00:00,30.3,81.1,398,221,True,True,False,False
2025-05-02 23:15:19.332000+00:00,30.2,81.4,398,215,True,True,False,False
2025-05-02 23:16:21.207000+00:00,30.1,81.6,399,219,True,False,False,False
2025-05-03 00:15:43.941000+00:00,29.9,82.6,425,208,False,False,True,False
2025-05-03 00:29:02.473000+00:00,30.0,82.5,398,208,True,False,False,False
2025-05-03 00:35:10.522000+00:00,29.9,82.8,387,215,False,False,False,True
2025-05-03 00:37:13.390000+00:00,29.9,82.6,378,209,False,False,True,False
2025-05-03 00:40:17.403000+00:00,29.9,82.8,394,221,False,False,False,True
2025-05-03 00:50:34.412000+00:00,30.0,82.6,393,208,True,False,False,False
2025-05-03 01:04:56.014000+00:00,29.9,82.6,333,205,False,False,True,False
2025-05-03 01:22:27.005000+00:00,29.8,82.8,417,248,False,False,False,True
2025-05-03 01:27:39.972000+00:00,29.6,83.5,433,251,False,True,False,False
2025-05-03 01:54:16.840000+00:00,29.9,82.3,435,267,False,False,False,True
2025-05-03 02:08:33.750000+00:00,29.8,82.1,430,203,False,False,False,True
2025-05-03 02:36:02.968000+00:00,29.7,81.8,421,208,False,False,False,True
2025-05-03 03:00:50.362000+00:00,29.8,82.1,402,198,False,False,False,True
2025-05-03 04:21:54.127000+00:00,29.4,82.9,368,215,False,False,True,False
2025-05-03 04:55:33.527000+00:00,29.1,82.8,382,200,False,False,False,True
2025-05-03 05:16:59.315000+00:00,29.1,83.1,401,223,False,False,True,False
2025-05-03 05:51:41.488000+00:00,29.0,82.9,379,223,True,False,False,False
2025-05-03 06:12:06.865000+00:00,29.0,82.7,384,199,False,False,False,True
2025-05-03 06:30:30.074000+00:00,28.9,82.7,385,252,False,False,False,True
2025-05-03 06:34:34.690000+00:00,29.0,82.9,387,187,False,True,False,False
2025-05-03 06:49:53.383000+00:00,28.9,83.1,419,210,False,False,True,False
2025-05-03 07:47:03.323000+00:00,29.1,84.0,417,221,False,False,True,False
2025-05-03 07:58:17.251000+00:00,29.2,84.5,400,250,False,False,False,True
2025-05-03 08:56:27.780000+00:00,29.5,84.8,400,240,False,False,False,True
2025-05-03 09:41:26.441000+00:00,30.4,81.3,411,223,False,False,True,False
2025-05-03 09:55:44.259000+00:00,30.5,80.7,436,224,False,False,True,False
2025-05-03 10:07:59.413000+00:00,30.4,81.9,400,226,True,False,False,False
2025-05-03 11:20:34.424000+00:00,31.1,79.1,336,163,False,False,True,True
2025-05-03 11:38:57.316000+00:00,31.4,77.7,209,64,False,False,True,True
2025-05-03 12:00:55.065000+00:00,31.5,76.0,255,80,False,False,False,True
2025-05-03 12:12:33.270000+00:00,31.6,75.8,80,28,False,False,True,False
2025-05-03 13:12:00.093000+00:00,32.3,74.7,191,58,False,False,False,True
2025-05-03 14:07:11.955000+00:00,32.9,73.3,221,48,True,False,False,False
2025-05-03 14:08:13.096000+00:00,33.0,73.0,303,48,True,False,True,False
2025-05-03 14:09:14.338000+00:00,33.1,72.9,340,48,False,False,True,False
2025-05-03 16:16:52.910000+00:00,32.1,75.7,210,78,False,True,False,False
2025-05-03 16:32:11.873000+00:00,32.2,76.6,237,78,False,False,True,False
2025-05-03 17:00:49.184000+00:00,31.8,78.5,224,80,False,True,False,False
2025-05-03 17:05:55.368000+00:00,31.5,78.3,279,163,False,False,True,True
2025-05-03 17:06:56.610000+00:00,31.5,78.3,290,171,False,False,True,True
2025-05-03 17:24:19.294000+00:00,29.7,85.3,485,366,False,False,False,True
2025-05-03 17:25:20.531000+00:00,29.6,85.3,328,175,False,False,True,True
2025-05-03 18:05:25.585000+00:00,30.0,84.0,308,118,False,False,False,True
2025-05-03 18:09:32.796000+00:00,30.2,82.8,414,260,False,False,False,True
2025-05-03 18:24:53.298000+00:00,30.7,82.0,436,268,True,False,False,False
2025-05-03 18:25:54.546000+00:00,31.0,80.7,432,263,True,False,False,False
2025-05-03 19:26:10.747000+00:00,31.8,78.7,446,209,False,False,True,False
2025-05-03 20:20:18.204000+00:00,31.6,80.1,435,197,True,True,False,False
2025-05-03 20:21:19.541000+00:00,31.3,81.0,435,193,True,True,False,False
2025-05-03 21:09:26.423000+00:00,30.6,85.6,358,128,False,False,False,True
2025-05-03 21:17:39.808000+00:00,30.2,86.2,320,118,True,True,False,False
2025-05-03 21:18:40.944000+00:00,30.1,86.4,323,118,True,True,False,False
2025-05-03 21:49:24.636000+00:00,30.3,85.5,359,123,True,False,False,False
2025-05-03 21:52:28.444000+00:00,30.2,85.8,314,113,True,False,False,False
2025-05-03 21:53:29.794000+00:00,30.1,86.2,304,113,True,True,False,False
2025-05-03 21:54:30.924000+00:00,30.0,86.5,302,119,True,True,False,False
2025-05-03 22:29:13.418000+00:00,29.8,86.5,407,128,False,False,True,False
2025-05-03 22:31:15.805000+00:00,30.1,85.6,372,133,True,True,False,False
2025-05-03 22:32:17.129000+00:00,30.3,85.0,368,138,True,True,False,False
2025-05-03 22:33:18.588000+00:00,30.5,84.4,367,132,True,True,False,False
2025-05-03 22:58:49.729000+00:00,30.4,84.6,322,128,True,True,False,False
2025-05-03 23:12:06.430000+00:00,30.2,85.1,337,148,False,False,False,True
2025-05-03 23:15:10.253000+00:00,30.2,85.0,284,145,False,False,True,False
2025-05-03 23:53:03.509000+00:00,30.5,83.1,332,150,False,False,False,True
2025-05-04 00:11:27.032000+00:00,30.2,84.5,329,160,False,False,False,True
2025-05-04 00:52:21.236000+00:00,29.7,85.9,335,157,True,False,False,False
2025-05-04 01:23:54.878000+00:00,29.6,86.3,335,163,True,False,False,False
2025-05-04 01:53:30.653000+00:00,29.7,86.0,325,166,False,True,False,False
2025-05-04 02:43:31.730000+00:00,29.6,86.2,340,176,True,False,False,False
2025-05-04 03:31:45.831000+00:00,29.3,86.2,342,181,True,False,False,False
2025-05-04 03:58:18.821000+00:00,29.3,86.2,319,172,False,False,True,False
2025-05-04 04:41:11.243000+00:00,29.0,86.7,324,171,True,False,False,False
2025-05-04 05:15:53.302000+00:00,28.9,86.7,339,176,True,False,False,False
2025-05-04 05:48:33.715000+00:00,28.9,86.7,335,174,True,False,False,False
2025-05-04 06:26:40.263000+00:00,28.9,87.3,112,24,False,False,True,True
2025-05-04 06:27:41.621000+00:00,28.9,87.3,281,16,False,False,True,True
2025-05-04 06:33:49.044000+00:00,28.7,88.1,403,211,False,False,True,True
2025-05-04 08:35:11.817000+00:00,29.1,89.6,333,161,False,True,True,False
2025-05-04 11:00:16.160000+00:00,29.6,88.1,316,131,False,False,False,True
2025-05-04 12:35:13.840000+00:00,30.8,82.8,314,156,True,True,False,False
2025-05-04 12:36:15.189000+00:00,30.9,82.8,309,158,True,False,False,False
2025-05-04 13:34:29.250000+00:00,31.6,79.5,288,139,False,False,True,False
2025-05-04 14:06:06.250000+00:00,31.9,79.7,256,111,False,True,False,False
2025-05-04 20:34:20.592000+00:00,30.6,86.8,252,13,True,True,False,True
2025-05-04 20:38:38.619000+00:00,30.7,86.4,213,16,False,False,True,False
2025-05-04 20:39:40.064000+00:00,30.9,85.8,192,15,False,False,True,False
2025-05-04 20:40:41.489000+00:00,30.8,86.0,386,263,False,False,True,True
2025-05-04 20:41:52.575000+00:00,30.7,86.3,336,140,False,False,False,True
2025-05-04 21:18:16.338000+00:00,30.9,85.2,272,126,False,False,True,False
2025-05-04 21:22:21.381000+00:00,30.8,85.7,311,119,False,True,False,False
2025-05-04 22:03:10.699000+00:00,30.7,85.4,368,127,True,False,False,False
2025-05-04 22:05:15.222000+00:00,30.8,85.5,322,125,False,False,True,False
2025-05-04 22:08:19.242000+00:00,30.6,85.6,385,123,True,False,False,False
2025-05-04 22:09:20.590000+00:00,30.5,86.2,384,128,True,True,False,False
2025-05-04 22:16:29.965000+00:00,31.0,84.4,365,128,False,True,False,False
2025-05-04 22:34:06.687000+00:00,30.5,85.6,245,112,False,False,True,False
2025-05-04 23:28:29.480000+00:00,30.4,86.4,474,127,False,False,True,False
2025-05-04 23:31:33.720000+00:00,30.4,86.5,613,119,False,False,True,False
2025-05-04 23:32:35.046000+00:00,30.4,86.5,611,119,False,False,True,False
2025-05-04 23:34:41.831000+00:00,30.4,86.4,731,129,False,False,True,False
2025-05-04 23:35:43.071000+00:00,30.5,86.4,631,122,False,False,True,False
2025-05-04 23:36:45.340000+00:00,30.5,86.4,752,123,False,False,True,False
2025-05-04 23:37:46.875000+00:00,30.5,86.4,671,128,False,False,True,False
2025-05-04 23:38:48.003000+00:00,30.5,86.3,659,125,False,False,True,False
2025-05-04 23:39:49.247000+00:00,30.5,86.3,681,125,False,False,True,False
2025-05-04 23:40:50.376000+00:00,30.5,86.4,656,117,False,False,True,False
2025-05-04 23:41:51.929000+00:00,30.5,86.3,641,126,False,False,True,False
2025-05-04 23:42:53.977000+00:00,30.5,86.4,631,121,False,False,True,False
2025-05-04 23:44:56.253000+00:00,30.5,86.2,579,121,False,False,True,False
2025-05-04 23:46:04.898000+00:00,30.5,86.2,619,127,False,False,True,False
2025-05-04 23:49:08.677000+00:00,30.5,86.2,645,125,False,False,True,False
2025-05-04 23:51:10.235000+00:00,30.5,86.2,610,123,False,False,True,False
2025-05-04 23:52:21.604000+00:00,30.5,86.3,593,128,False,False,True,False
2025-05-04 23:53:22.976000+00:00,30.5,86.3,594,115,False,False,True,False
2025-05-04 23:55:35.377000+00:00,30.5,86.1,588,128,False,False,True,False
2025-05-04 23:56:36.924000+00:00,30.5,86.3,572,121,False,False,True,False
2025-05-05 00:05:48.662000+00:00,30.4,86.7,538,121,True,True,False,False
2025-05-05 00:16:04.107000+00:00,30.3,86.4,561,235,False,False,False,True
2025-05-05 00:17:05.444000+00:00,30.3,86.7,589,221,False,False,True,False
2025-05-05 00:18:06.585000+00:00,30.4,86.3,606,215,False,False,True,False
2025-05-05 00:19:07.926000+00:00,30.5,85.7,613,218,False,True,True,False
2025-05-05 00:20:09.053000+00:00,30.6,85.4,621,215,False,True,True,False
2025-05-05 00:21:10.421000+00:00,30.6,85.2,623,226,False,False,True,False
2025-05-05 00:22:11.645000+00:00,30.5,85.2,611,213,False,False,True,False
2025-05-05 00:23:12.971000+00:00,30.6,85.2,620,223,False,False,True,False
2025-05-05 00:24:14.109000+00:00,30.6,85.0,612,218,False,False,True,False
2025-05-05 00:25:15.983000+00:00,30.7,84.8,607,219,False,False,True,False
2025-05-05 00:26:18.117000+00:00,30.7,84.7,606,218,False,False,True,False
2025-05-05 00:27:19.561000+00:00,30.7,84.7,603,225,False,False,True,False
2025-05-05 00:28:20.697000+00:00,30.6,84.7,607,224,False,False,True,False
2025-05-05 00:29:21.836000+00:00,30.6,84.7,602,234,False,False,True,False
2025-05-05 00:30:23.172000+00:00,30.5,84.9,594,230,False,False,True,False
2025-05-05 00:31:24.347000+00:00,30.6,85.1,598,218,False,False,True,False
2025-05-05 00:32:36.192000+00:00,30.6,84.8,591,234,False,False,True,False
2025-05-05 00:33:37.333000+00:00,30.7,84.5,592,237,False,False,True,False
2025-05-05 00:34:38.672000+00:00,30.7,84.5,582,236,False,False,True,False
2025-05-05 00:35:39.804000+00:00,30.7,84.5,574,208,False,False,True,False
2025-05-05 00:36:41.241000+00:00,30.8,84.4,570,210,False,False,True,False
2025-05-05 01:29:51.126000+00:00,30.4,85.1,458,218,False,False,False,True
2025-05-05 01:33:57.416000+00:00,30.3,85.3,447,192,False,False,False,True
2025-05-05 02:16:55.835000+00:00,30.3,85.0,406,182,True,True,False,False
2025-05-05 02:17:57.108000+00:00,30.1,85.7,405,187,True,True,False,False
2025-05-05 02:58:47.899000+00:00,29.6,87.1,384,189,True,False,False,False
2025-05-05 03:03:54.600000+00:00,29.8,86.6,378,178,True,True,False,False
2025-05-05 03:05:57.375000+00:00,29.9,86.3,382,180,True,False,False,False
2025-05-05 04:27:37.605000+00:00,29.5,86.5,399,187,False,False,True,False
2025-05-05 08:34:31.503000+00:00,30.7,83.7,357,185,False,False,True,False
2025-05-05 08:35:32.847000+00:00,30.4,85.0,368,184,False,True,False,False
2025-05-05 08:36:33.971000+00:00,30.3,85.5,363,178,False,True,False,False
2025-05-05 08:48:49.439000+00:00,30.4,85.7,384,176,False,False,True,False
2025-05-05 22:31:11.965000+00:00,31.3,75.3,399,219,False,True,True,True
2025-05-05 22:33:03.600000+00:00,31.2,75.8,408,221,False,False,True,False
2025-05-05 23:59:59.206000+00:00,30.3,75.5,346,182,False,False,True,False
2025-05-06 00:01:00.339000+00:00,30.3,75.5,366,179,False,False,True,False
2025-05-06 00:48:04.333000+00:00,30.1,76.0,374,183,False,True,False,False
2025-05-06 01:10:33.802000+00:00,30.3,75.9,382,192,False,False,True,False
2025-05-06 01:11:35.048000+00:00,30.3,75.8,387,192,False,False,True,False
2025-05-06 01:12:36.176000+00:00,30.3,75.6,395,191,False,False,True,False
2025-05-06 03:26:23.196000+00:00,29.2,79.8,385,227,True,False,False,False
2025-05-06 03:28:26.138000+00:00,29.1,80.0,387,226,True,False,False,False
2025-05-06 03:29:27.228000+00:00,29.1,80.3,389,231,False,True,False,False
2025-05-06 04:07:15.761000+00:00,29.2,80.2,380,208,False,False,False,True
2025-05-06 05:02:24.845000+00:00,28.9,80.8,375,220,False,True,False,False
2025-05-06 06:08:46.446000+00:00,28.7,81.2,383,208,True,False,False,False
2025-05-06 06:27:08.603000+00:00,28.8,81.6,406,210,False,False,True,False
2025-05-06 07:30:28.091000+00:00,28.8,82.9,366,176,False,False,True,True
2025-05-06 07:31:29.533000+00:00,28.8,82.9,363,171,False,False,False,True
2025-05-06 07:32:30.670000+00:00,28.8,82.9,350,150,False,False,False,True
2025-05-06 07:38:38.602000+00:00,28.8,83.3,333,128,False,True,False,False
2025-05-06 08:07:15.710000+00:00,29.4,83.7,282,97,True,False,False,False
2025-05-06 08:08:17.044000+00:00,29.6,83.0,284,96,True,False,False,False
2025-05-06 09:14:44.443000+00:00,30.5,81.1,287,92,False,False,True,False
2025-05-06 09:15:45.682000+00:00,30.6,81.0,293,92,False,False,True,False
2025-05-06 09:59:43.090000+00:00,31.0,79.6,262,105,False,False,True,False
2025-05-06 10:00:44.744000+00:00,31.0,79.3,258,106,False,False,True,False
2025-05-06 10:09:01.816000+00:00,31.4,78.2,268,105,True,False,False,False
2025-05-06 11:22:37.048000+00:00,32.2,74.2,246,66,False,False,True,True
2025-05-06 14:12:22.124000+00:00,33.3,72.7,239,82,False,True,False,False
2025-05-06 14:35:01.568000+00:00,33.7,72.8,237,91,False,False,False,True
2025-05-06 14:44:14.417000+00:00,33.4,73.0,251,96,False,False,True,False
2025-05-06 14:49:22.154000+00:00,33.4,73.1,268,101,False,False,True,False
2025-05-06 15:23:08.846000+00:00,33.3,73.5,272,107,True,False,False,False
2025-05-06 15:55:50.558000+00:00,33.3,73.5,256,103,True,False,False,False
2025-05-06 16:32:44.036000+00:00,33.1,74.0,262,109,False,False,False,True
2025-05-06 17:54:40.334000+00:00,32.5,76.0,294,119,False,False,True,False
2025-05-06 18:02:19.844000+00:00,32.1,77.4,289,119,True,False,False,False
2025-05-06 20:02:02.138000+00:00,32.0,79.1,336,143,False,False,True,False
2025-05-06 21:40:08.188000+00:00,31.2,83.7,313,137,False,True,False,False
2025-05-06 22:27:13.823000+00:00,30.3,80.5,295,138,True,False,False,False
2025-05-06 22:28:15.147000+00:00,30.2,81.1,292,139,False,True,False,False
2025-05-07 01:58:13.318000+00:00,30.2,77.8,336,141,False,False,True,False
2025-05-07 01:59:14.639000+00:00,30.2,77.7,410,142,False,False,True,False
2025-05-07 02:00:15.858000+00:00,30.3,77.8,469,143,False,False,True,False
2025-05-07 02:01:16.985000+00:00,30.3,77.7,528,144,False,False,True,False
2025-05-07 02:03:19.364000+00:00,30.3,77.5,580,141,False,False,True,False
2025-05-07 02:04:20.719000+00:00,30.3,77.4,597,141,False,False,True,False
2025-05-07 02:05:21.960000+00:00,30.4,77.4,614,141,False,False,True,False
2025-05-07 02:06:23.329000+00:00,30.4,77.3,625,140,False,False,True,False
2025-05-07 02:07:24.623000+00:00,30.3,77.4,638,142,False,False,True,False
2025-05-07 02:08:26.079000+00:00,30.3,77.6,647,139,False,False,True,False
2025-05-07 02:09:27.227000+00:00,30.3,77.6,644,140,False,False,True,False
2025-05-07 02:10:28.546000+00:00,30.2,77.6,649,142,False,False,True,False
2025-05-07 02:11:29.809000+00:00,30.2,77.8,642,140,False,False,True,False
2025-05-07 02:12:31.213000+00:00,30.2,77.9,646,140,False,False,True,False
2025-05-07 02:13:32.689000+00:00,30.2,77.7,643,142,False,False,True,False
2025-05-07 02:14:34.314000+00:00,30.3,77.5,640,137,False,False,True,False
2025-05-07 02:15:35.954000+00:00,30.3,77.6,628,141,False,False,True,False
2025-05-07 02:16:38.334000+00:00,30.2,77.7,627,134,False,False,True,False
2025-05-07 02:17:39.875000+00:00,30.3,77.6,626,143,False,False,True,False
2025-05-07 02:18:41.026000+00:00,30.2,77.6,618,141,False,False,True,False
2025-05-07 02:19:42.340000+00:00,30.3,77.6,615,141,False,False,True,False
2025-05-07 02:20:43.619000+00:00,30.2,77.6,615,143,False,False,True,False
2025-05-07 02:21:45.022000+00:00,30.2,77.7,600,142,False,False,True,False
2025-05-07 02:22:46.274000+00:00,30.2,77.8,597,142,False,False,True,False
2025-05-07 02:23:47.705000+00:00,30.2,77.7,592,144,False,False,True,False
2025-05-07 02:24:49.046000+00:00,30.3,77.5,592,143,False,False,True,False
2025-05-07 02:25:50.187000+00:00,30.3,77.3,587,143,False,False,True,False
2025-05-07 02:26:51.681000+00:00,30.3,77.3,582,144,False,False,True,False
2025-05-07 02:27:52.749000+00:00,30.3,77.3,575,144,False,False,True,False
2025-05-07 02:28:56.351000+00:00,30.3,77.4,574,144,False,False,True,False
2025-05-07 02:29:57.902000+00:00,30.3,77.5,570,139,False,False,True,False
2025-05-07 02:39:17.044000+00:00,30.2,77.9,566,219,False,False,False,True
2025-05-07 02:40:12.493000+00:00,30.1,78.0,579,237,False,False,True,True
2025-05-07 02:41:13.840000+00:00,30.1,78.1,587,243,False,False,True,False
2025-05-07 02:42:15.081000+00:00,30.0,78.2,591,250,False,False,True,False
2025-05-07 02:43:16.307000+00:00,30.0,78.1,578,246,False,False,True,False
2025-05-07 02:44:17.458000+00:00,29.9,78.2,581,243,False,False,True,False
2025-05-07 02:45:18.683000+00:00,29.9,78.6,580,246,False,False,True,False
2025-05-07 02:46:19.926000+00:00,30.1,78.3,581,254,False,False,True,False
2025-05-07 02:47:21.055000+00:00,30.2,77.9,578,246,False,False,True,False
2025-05-07 02:48:22.393000+00:00,30.3,77.5,577,244,False,False,True,False
2025-05-07 02:49:23.640000+00:00,30.5,77.1,577,253,False,False,True,False
2025-05-07 02:50:24.873000+00:00,30.4,77.0,577,243,False,False,True,False
2025-05-07 02:51:26.009000+00:00,30.5,76.9,571,243,False,False,True,False
2025-05-07 02:52:27.239000+00:00,30.5,76.9,575,251,False,False,True,False
2025-05-07 02:53:28.481000+00:00,30.4,77.1,576,245,False,False,True,False
2025-05-07 02:54:29.827000+00:00,30.5,76.9,572,244,False,False,True,False
2025-05-07 02:55:31.056000+00:00,30.5,76.6,579,243,False,False,True,False
2025-05-07 02:56:32.298000+00:00,30.5,76.5,576,241,False,False,True,False
2025-05-07 02:57:33.433000+00:00,30.5,76.5,576,244,False,False,True,False
2025-05-07 02:58:34.668000+00:00,30.4,76.8,574,239,False,False,True,False
2025-05-07 02:59:36.011000+00:00,30.3,77.2,573,240,False,False,True,False
2025-05-07 03:00:37.140000+00:00,30.2,77.4,571,240,False,False,True,False
2025-05-07 03:01:38.486000+00:00,30.2,77.6,569,239,False,False,True,False
2025-05-07 03:03:40.863000+00:00,30.3,77.2,569,238,False,False,True,False
2025-05-07 03:48:33.758000+00:00,29.6,79.1,496,230,True,False,False,False
2025-05-07 03:50:36.128000+00:00,29.5,79.3,491,229,True,False,False,False
2025-05-07 03:59:47.163000+00:00,29.9,78.3,470,225,False,True,False,False
2025-05-07 06:32:55.543000+00:00,29.2,81.0,464,219,True,False,False,False
2025-05-07 06:33:56.787000+00:00,29.3,80.8,462,224,True,False,False,False
2025-05-07 06:34:58.037000+00:00,29.3,80.6,460,223,False,True,False,False
2025-05-07 07:20:53.800000+00:00,29.0,83.0,451,220,False,False,True,False
2025-05-07 07:21:55.047000+00:00,29.0,82.9,483,214,False,False,True,False
2025-05-07 07:22:56.283000+00:00,29.1,82.8,496,224,False,False,True,False
2025-05-07 07:27:01.226000+00:00,29.3,81.9,568,221,False,False,True,False
2025-05-07 07:28:02.575000+00:00,29.4,81.9,575,222,False,False,True,False
2025-05-07 07:29:03.708000+00:00,29.4,81.8,570,215,False,False,True,False
2025-05-07 07:30:05.040000+00:00,29.4,81.9,570,222,False,False,True,False
2025-05-07 08:49:43.617000+00:00,29.8,80.6,486,211,False,False,True,False
2025-05-07 09:40:48.874000+00:00,31.1,79.4,462,251,True,True,False,True
2025-05-07 09:41:50.004000+00:00,31.4,77.7,463,251,True,True,False,False
2025-05-07 11:13:46.860000+00:00,31.8,78.9,417,208,False,False,True,False
2025-05-07 11:23:58.784000+00:00,31.7,77.9,409,199,False,False,False,True
2025-05-07 12:03:47.870000+00:00,31.9,76.6,437,208,False,False,True,False
2025-05-07 12:04:49.105000+00:00,31.8,76.7,455,207,False,False,True,False
2025-05-07 12:30:21.587000+00:00,31.6,76.9,383,204,False,False,False,True
2025-05-07 12:47:42.516000+00:00,31.5,77.9,374,198,False,False,False,True
2025-05-07 12:53:49.632000+00:00,31.4,75.4,370,199,False,True,False,False
2025-05-07 12:54:50.971000+00:00,31.2,75.7,368,198,True,False,False,False
2025-05-07 13:28:33.449000+00:00,31.4,77.0,430,225,True,False,False,False
2025-05-07 13:29:34.596000+00:00,31.5,76.8,429,221,True,False,False,False
2025-05-07 14:45:09.980000+00:00,31.3,75.9,339,118,False,False,True,True
2025-05-07 15:38:19.444000+00:00,31.1,75.1,354,119,False,False,True,False
2025-05-07 16:15:06.257000+00:00,30.8,75.8,324,125,False,False,True,False
2025-05-07 17:43:09.155000+00:00,30.7,78.7,342,122,True,False,False,False
2025-05-07 17:44:10.384000+00:00,30.6,78.8,359,126,False,False,True,False
2025-05-07 17:47:15.902000+00:00,30.5,78.8,336,122,True,False,False,False
2025-05-07 18:00:47.560000+00:00,30.6,79.2,386,121,False,False,True,False
2025-05-07 18:01:49.194000+00:00,30.6,79.2,398,117,False,False,True,False
2025-05-07 18:05:27.313000+00:00,30.6,79.2,409,140,False,False,False,True
2025-05-07 18:21:30.671000+00:00,30.6,79.5,374,160,False,False,False,True
2025-05-07 18:22:32.031000+00:00,30.7,79.4,347,83,False,False,False,True
2025-05-07 18:52:07.196000+00:00,30.8,79.4,306,80,True,False,False,False
2025-05-07 18:55:15.946000+00:00,30.5,79.8,295,80,True,False,False,False
2025-05-07 19:19:06.806000+00:00,30.3,80.4,262,84,False,False,True,False
2025-05-07 19:23:21.482000+00:00,30.2,79.7,256,79,True,False,False,False
2025-05-07 19:26:25.735000+00:00,30.1,79.7,256,79,True,False,False,False
2025-05-07 19:39:47.651000+00:00,29.9,80.2,271,67,False,False,False,True
2025-05-07 20:04:07.095000+00:00,29.7,81.4,294,81,False,False,True,False
2025-05-07 20:05:08.431000+00:00,29.7,81.4,301,80,False,False,True,False
2025-05-07 20:26:43.423000+00:00,30.0,81.2,294,64,False,False,False,True
2025-05-07 20:53:17.862000+00:00,30.0,81.7,261,80,False,False,True,False
2025-05-07 21:00:27.653000+00:00,29.9,81.5,259,79,True,False,False,False
2025-05-07 21:08:38.149000+00:00,29.9,81.7,306,71,False,False,False,True
2025-05-07 21:48:34.509000+00:00,29.9,81.9,285,79,True,False,False,False
2025-05-07 22:16:48.332000+00:00,29.5,83.3,301,80,True,True,False,False
2025-05-07 22:17:08.359000+00:00,29.4,83.5,311,83,True,False,False,False
2025-05-07 23:02:22.685000+00:00,29.5,82.9,299,81,True,False,False,False
2025-05-07 23:21:46.991000+00:00,29.3,83.5,288,81,True,False,False,False
2025-05-07 23:46:17.728000+00:00,29.4,83.3,307,81,False,False,True,False
2025-05-07 23:47:19.053000+00:00,29.4,83.3,319,80,False,False,True,False
2025-05-07 23:57:31.734000+00:00,29.3,83.2,313,83,True,False,False,False
2025-05-08 00:21:00.608000+00:00,29.2,83.4,314,83,True,False,False,False
2025-05-08 00:29:11.022000+00:00,29.2,83.7,295,87,False,True,False,False
2025-05-08 00:51:38.969000+00:00,29.0,83.9,297,81,True,False,False,False
2025-05-08 00:53:41.679000+00:00,29.0,83.9,318,85,False,False,True,False
2025-05-08 01:26:24.813000+00:00,28.8,84.7,283,83,True,False,False,False
2025-05-08 02:22:35.736000+00:00,28.7,84.6,262,82,True,False,False,False
2025-05-08 03:21:51.508000+00:00,28.6,85.1,254,80,True,False,False,False
2025-05-08 04:11:55.619000+00:00,28.5,85.5,253,86,False,True,False,False
2025-05-08 04:43:34.497000+00:00,28.3,85.8,247,80,True,False,False,False
2025-05-08 04:59:54.506000+00:00,28.3,86.0,241,69,False,False,False,True
2025-05-08 05:44:06.711000+00:00,28.3,86.0,335,80,False,False,True,False
2025-05-08 05:46:12.804000+00:00,28.3,86.0,350,82,False,False,True,False
2025-05-08 05:56:41.984000+00:00,28.2,86.5,264,80,True,False,False,False
2025-05-08 06:25:53.599000+00:00,28.1,87.4,240,76,True,False,False,False
2025-05-08 06:30:59.683000+00:00,28.1,87.6,251,77,False,False,True,False
2025-05-08 06:32:01.018000+00:00,28.1,87.7,254,80,False,False,True,False
2025-05-08 06:47:20.710000+00:00,28.0,88.4,246,80,True,False,False,False
2025-05-08 07:31:20.038000+00:00,28.0,90.2,240,64,False,False,False,True
2025-05-08 07:33:22.830000+00:00,28.1,90.5,246,80,False,False,True,False
2025-05-08 07:34:23.953000+00:00,28.1,90.3,252,79,False,False,True,False
2025-05-08 07:35:25.285000+00:00,28.1,90.1,256,80,False,False,True,False
2025-05-08 07:50:44.262000+00:00,28.2,90.6,270,80,True,False,False,False
2025-05-08 08:31:45.331000+00:00,28.8,90.0,260,87,False,False,False,True
2025-05-08 09:03:35.804000+00:00,29.4,87.4,250,80,False,True,False,False
2025-05-08 09:29:58.449000+00:00,29.7,85.4,202,80,False,False,True,False
2025-05-08 09:31:00.394000+00:00,29.7,84.7,215,80,False,True,False,False
2025-05-08 10:09:11.466000+00:00,30.0,83.0,214,87,False,False,False,True
2025-05-08 10:22:28.663000+00:00,30.1,83.4,210,69,False,False,False,True
2025-05-08 10:49:12.615000+00:00,30.1,83.4,231,78,False,True,False,False
2025-05-08 10:50:13.746000+00:00,30.1,83.1,229,80,False,True,False,False
2025-05-08 11:18:50.551000+00:00,30.4,81.6,256,79,False,False,True,False
2025-05-08 11:20:53.038000+00:00,30.6,81.1,235,79,True,True,False,False
2025-05-08 12:20:09.751000+00:00,31.5,76.5,272,158,False,False,False,True
2025-05-08 13:49:12.762000+00:00,31.1,75.6,253,240,False,True,False,False
2025-05-08 13:51:15.395000+00:00,30.9,76.0,244,236,False,False,True,False
2025-05-08 14:23:58.903000+00:00,30.1,81.2,279,163,False,False,False,True
2025-05-08 15:39:59.374000+00:00,30.1,80.0,322,144,False,False,True,False
2025-05-08 15:41:00.889000+00:00,30.1,80.0,386,146,False,False,True,False
2025-05-08 15:42:02.166000+00:00,30.1,80.2,445,147,False,False,True,False
2025-05-08 15:43:03.505000+00:00,30.1,80.3,496,146,False,False,True,False
2025-05-08 15:47:23.264000+00:00,30.2,79.9,576,139,False,False,True,False
2025-05-08 15:48:53.253000+00:00,30.2,79.8,578,130,False,False,True,True
2025-05-08 15:50:02.238000+00:00,30.1,79.8,586,128,False,False,True,False
2025-05-08 15:51:23.240000+00:00,30.1,79.9,588,122,False,False,True,False
2025-05-08 15:52:32.237000+00:00,30.1,79.5,580,126,False,False,True,False
2025-05-08 15:53:50.252000+00:00,30.1,79.7,579,124,False,False,True,False
2025-05-08 15:55:59.255000+00:00,30.1,79.7,573,122,False,False,True,False
2025-05-08 15:59:49.752000+00:00,30.2,78.7,548,130,False,True,False,False
2025-05-08 16:32:26.359000+00:00,30.0,78.1,411,113,False,False,False,True
2025-05-08 16:49:52.591000+00:00,30.0,77.6,394,131,False,True,False,False
2025-05-08 18:14:11.562000+00:00,29.3,81.0,389,131,True,True,False,False
2025-05-08 18:14:19.896000+00:00,29.2,81.0,396,140,True,False,False,True
2025-05-08 18:22:15.972000+00:00,29.2,81.2,418,130,False,False,True,False
2025-05-08 19:01:22.027000+00:00,29.6,80.2,334,135,True,False,False,True
2025-05-08 19:08:31.521000+00:00,29.6,79.8,352,120,False,False,True,False
2025-05-08 19:13:40.689000+00:00,29.6,79.8,356,126,False,True,False,False
2025-05-08 19:14:43.133000+00:00,29.6,79.6,367,124,False,True,False,False
2025-05-08 19:17:50.543000+00:00,29.7,79.6,366,122,True,False,False,False
2025-05-08 19:19:52.484000+00:00,29.6,79.5,368,128,False,False,False,True
2025-05-08 19:21:55.377000+00:00,29.6,79.7,359,126,False,False,True,False
2025-05-08 19:26:00.148000+00:00,29.5,80.0,338,128,True,False,True,False
2025-05-08 19:35:14.274000+00:00,29.6,80.3,384,138,False,False,False,True
2025-05-08 19:39:20.860000+00:00,29.6,79.9,385,128,False,True,False,False
2025-05-08 19:40:23.398000+00:00,29.5,80.3,382,130,True,False,False,False
2025-05-08 19:42:28.422000+00:00,29.5,80.2,375,127,False,False,True,False
2025-05-08 19:45:32.642000+00:00,29.4,80.6,382,129,False,True,False,False
2025-05-08 19:49:37.272000+00:00,29.3,81.2,365,129,False,False,True,False
2025-05-08 19:54:45.934000+00:00,29.0,81.8,385,128,False,True,False,False
2025-05-08 19:55:47.793000+00:00,28.9,82.2,378,125,False,False,False,True
2025-05-08 20:02:57.638000+00:00,28.6,83.4,368,126,True,False,False,False
2025-05-08 20:06:01.858000+00:00,28.6,83.4,358,129,False,False,True,False
2025-05-08 20:14:14.294000+00:00,28.7,83.5,352,126,True,False,False,False
2025-05-08 20:15:15.738000+00:00,28.7,83.3,354,128,False,True,False,False
2025-05-08 20:22:26.737000+00:00,28.7,83.5,358,131,False,False,True,True
2025-05-08 20:31:40.111000+00:00,28.7,83.7,351,128,True,True,False,False
2025-05-08 20:35:44.069000+00:00,28.7,83.7,349,125,False,False,False,True
2025-05-08 20:38:49.405000+00:00,28.6,84.0,337,129,False,False,True,False
2025-05-08 20:41:53.223000+00:00,28.6,84.2,340,122,False,False,False,True
2025-05-08 20:50:04.848000+00:00,28.5,84.4,339,131,True,False,False,False
2025-05-08 20:53:11.423000+00:00,28.6,84.3,339,127,False,True,False,False
2025-05-08 20:54:11.649000+00:00,28.6,84.3,346,123,False,False,True,False
2025-05-08 20:55:13.017000+00:00,28.5,84.4,336,128,True,False,False,False
2025-05-08 20:59:18.019000+00:00,28.5,84.6,342,126,False,False,True,False
2025-05-08 21:08:31.184000+00:00,28.5,84.5,340,127,False,True,False,False
2025-05-08 21:10:34.067000+00:00,28.5,84.3,336,126,False,True,False,False
2025-05-08 21:11:35.404000+00:00,28.6,84.2,338,128,True,False,False,False
2025-05-08 21:14:40.994000+00:00,28.6,84.1,349,123,False,False,True,True
2025-05-08 21:24:58.281000+00:00,28.6,84.0,368,123,False,True,False,False
2025-05-08 21:33:10.363000+00:00,28.6,84.0,368,127,False,False,False,True
2025-05-08 21:34:13.406000+00:00,28.6,84.0,364,127,False,False,True,False
2025-05-08 21:35:14.748000+00:00,28.6,83.9,366,122,False,True,False,True
2025-05-08 21:37:18.870000+00:00,28.7,83.9,365,126,True,False,False,False
2025-05-08 21:39:25.966000+00:00,28.6,83.9,357,127,False,False,True,False
2025-05-08 21:41:31.614000+00:00,28.6,84.0,360,126,False,True,False,False
2025-05-08 21:48:44.967000+00:00,28.6,83.8,355,125,False,True,False,False
2025-05-08 21:52:51.449000+00:00,28.7,83.7,353,126,True,False,False,False
2025-05-08 21:53:52.894000+00:00,28.7,83.5,350,127,False,True,False,False
2025-05-08 21:56:57.932000+00:00,28.7,83.3,355,122,False,False,False,True
2025-05-08 21:57:58.140000+00:00,28.7,83.2,361,121,False,False,True,False
2025-05-08 22:06:13.172000+00:00,28.7,83.0,350,127,False,True,False,False
2025-05-08 22:07:13.363000+00:00,28.7,82.9,347,124,False,False,False,True
2025-05-08 22:12:22.231000+00:00,28.6,83.3,349,126,True,False,False,False
2025-05-08 22:14:24.810000+00:00,28.7,83.2,359,125,False,True,False,False
2025-05-08 22:20:33.108000+00:00,28.7,83.1,359,112,False,False,False,True
2025-05-08 22:23:39.433000+00:00,28.7,83.2,363,123,False,True,False,False
2025-05-08 22:24:40.886000+00:00,28.6,83.3,368,128,True,False,False,False
2025-05-08 22:28:45.139000+00:00,28.5,83.7,367,123,True,False,False,False
2025-05-08 22:32:51.007000+00:00,28.6,83.6,360,125,False,True,False,False
2025-05-08 22:34:54.178000+00:00,28.6,83.4,367,125,False,False,True,False
2025-05-08 23:32:26.316000+00:00,28.4,83.7,351,123,False,False,True,False
2025-05-09 00:37:00.133000+00:00,28.1,84.4,314,121,True,False,False,False
2025-05-09 01:16:57.101000+00:00,28.1,84.2,304,123,False,True,False,False
2025-05-09 01:45:36.252000+00:00,28.3,83.3,298,128,False,False,True,False
2025-05-09 01:59:55.007000+00:00,28.1,84.1,298,123,True,True,False,False
2025-05-09 02:41:59.977000+00:00,28.3,83.4,314,126,False,False,True,False
2025-05-09 03:32:11.274000+00:00,27.9,84.9,289,122,False,True,False,False
2025-05-09 03:33:12.705000+00:00,27.9,85.1,292,123,False,True,False,False
2025-05-09 03:38:19.902000+00:00,27.9,85.1,325,130,False,False,True,False
2025-05-09 03:39:21.346000+00:00,28.0,85.0,336,124,False,False,True,False
2025-05-09 04:26:26.569000+00:00,27.7,85.8,306,123,True,False,False,False
2025-05-09 06:01:31.679000+00:00,27.8,85.8,301,123,False,True,False,False
2025-05-09 06:02:32.915000+00:00,27.8,86.0,310,124,False,True,False,False
2025-05-09 06:03:34.257000+00:00,27.7,86.4,320,121,True,True,True,False
2025-05-09 06:45:28.594000+00:00,27.4,88.3,305,130,True,False,False,False
2025-05-09 06:47:31.253000+00:00,27.5,88.1,304,129,True,False,False,False
2025-05-09 06:48:32.601000+00:00,27.6,87.7,307,125,True,True,False,False
2025-05-09 06:49:33.935000+00:00,27.7,87.4,304,127,True,False,False,False
2025-05-09 07:14:07.839000+00:00,27.7,87.1,309,138,False,False,False,True
2025-05-09 07:29:32.143000+00:00,27.8,88.0,304,123,False,True,False,False
2025-05-09 07:38:43.780000+00:00,27.9,87.5,304,118,False,False,False,True
2025-05-09 08:28:49.738000+00:00,28.4,88.5,293,128,True,True,False,False
2025-05-09 08:33:55.818000+00:00,28.5,88.3,299,130,True,False,False,False
2025-05-09 08:39:03.023000+00:00,28.6,88.5,298,128,True,True,False,False
2025-05-09 08:41:05.861000+00:00,28.6,88.9,293,126,False,False,True,False
2025-05-09 08:42:07.358000+00:00,28.6,88.8,274,125,False,False,True,False
2025-05-09 08:43:08.530000+00:00,28.6,89.0,297,145,False,False,False,True
2025-05-09 08:44:09.839000+00:00,29.0,88.0,313,134,True,True,False,False
2025-05-09 08:46:12.627000+00:00,29.2,87.3,421,216,False,False,True,True
2025-05-09 08:51:18.457000+00:00,29.4,86.1,415,183,True,False,False,False
2025-05-09 08:53:20.924000+00:00,29.4,86.0,407,179,False,False,True,False
2025-05-09 08:59:29.312000+00:00,29.5,86.1,400,176,True,False,False,False
2025-05-09 09:02:32.567000+00:00,29.5,85.9,390,176,False,True,False,False
2025-05-09 09:04:35.139000+00:00,29.5,85.7,382,171,False,False,False,True
2025-05-09 09:06:38.414000+00:00,29.6,85.5,384,176,True,False,False,False
2025-05-09 09:10:42.854000+00:00,29.5,85.8,358,176,True,False,False,False
2025-05-09 09:11:44.083000+00:00,29.3,86.8,368,168,True,True,False,False
2025-05-09 09:18:53.546000+00:00,29.1,88.0,347,173,True,False,False,False
2025-05-09 09:19:54.788000+00:00,29.1,87.9,348,167,False,True,False,False
2025-05-09 09:20:56.023000+00:00,29.2,87.4,352,165,False,True,False,False
2025-05-09 09:29:05.502000+00:00,29.1,87.5,338,163,True,False,False,False
2025-05-09 09:33:11.397000+00:00,29.2,87.5,338,169,True,False,False,False
2025-05-09 09:42:22.289000+00:00,29.3,87.0,333,166,True,False,True,False
2025-05-09 09:51:34.269000+00:00,29.4,86.8,334,166,True,False,False,False
2025-05-09 09:52:35.796000+00:00,29.4,86.8,326,160,False,False,True,False
2025-05-09 09:56:39.789000+00:00,29.5,86.7,321,160,True,False,False,False
2025-05-09 09:57:41.123000+00:00,29.6,87.1,322,161,False,True,False,False
2025-05-09 09:58:43.346000+00:00,29.8,86.3,322,170,False,False,False,True
2025-05-09 10:16:03.872000+00:00,30.3,83.7,326,171,True,False,False,False
2025-05-09 10:17:05.226000+00:00,30.4,83.9,330,163,True,False,False,False
2025-05-09 10:20:19.723000+00:00,30.6,83.2,331,165,False,True,False,False
2025-05-09 10:37:49.613000+00:00,30.8,81.8,323,157,False,True,False,False
2025-05-09 17:58:34.555000+00:00,31.4,78.3,270,144,True,True,True,True
2025-05-09 17:58:48.103000+00:00,31.4,78.6,266,144,False,False,True,False
2025-05-09 18:09:02.644000+00:00,31.6,79.3,297,144,False,False,True,False
2025-05-09 18:10:04.076000+00:00,31.5,79.3,336,160,False,False,False,True
2025-05-09 18:11:05.509000+00:00,31.4,79.9,341,154,True,False,False,False
2025-05-09 18:15:13.808000+00:00,31.6,79.5,151,25,False,False,True,True
2025-05-09 18:29:12.778000+00:00,31.7,79.7,179,32,False,False,True,False
2025-05-09 18:50:02.217000+00:00,31.4,79.9,267,38,False,False,True,False
2025-05-09 18:51:52.255000+00:00,31.5,80.1,241,26,True,False,False,False
2025-05-09 19:03:29.905000+00:00,31.4,80.2,257,27,True,False,False,False
2025-05-09 19:05:16.947000+00:00,31.5,80.1,231,30,False,False,False,True
2025-05-09 19:17:53.002000+00:00,31.4,80.0,244,27,True,False,False,False
2025-05-09 19:19:41.833000+00:00,31.4,80.0,415,250,False,False,True,True
2025-05-09 19:26:04.932000+00:00,31.3,80.3,424,220,False,True,False,False
2025-05-09 19:27:08.290000+00:00,31.2,80.5,422,218,False,True,False,False
2025-05-09 19:38:24.301000+00:00,31.2,80.7,464,183,False,False,False,True
2025-05-09 19:47:33.660000+00:00,31.3,80.7,447,177,False,True,False,False
2025-05-09 19:48:38.093000+00:00,31.2,81.1,450,176,False,True,False,False
2025-05-09 19:50:48.652000+00:00,31.3,81.0,439,168,False,False,False,True
2025-05-09 19:51:54.224000+00:00,31.3,81.1,446,156,False,False,False,True
2025-05-09 20:00:10.845000+00:00,31.2,81.7,446,167,True,False,False,False
2025-05-09 20:08:03.670000+00:00,30.9,82.4,435,166,True,False,False,False
2025-05-09 20:09:07.235000+00:00,30.8,83.2,430,169,False,True,False,False
2025-05-09 20:10:54.962000+00:00,30.9,83.0,437,192,False,False,False,True
2025-05-09 20:23:19.266000+00:00,31.0,82.9,435,167,False,True,False,False
2025-05-09 20:26:24.577000+00:00,31.1,82.7,432,163,True,False,False,False
2025-05-09 20:38:48.758000+00:00,30.9,83.3,434,166,True,False,False,False
2025-05-09 20:40:59.286000+00:00,30.9,83.3,432,178,False,False,False,True
2025-05-09 20:44:10.781000+00:00,30.9,83.2,427,166,False,False,True,False
2025-05-09 20:59:34.859000+00:00,30.9,83.7,436,162,False,True,False,False
2025-05-09 21:03:29.359000+00:00,30.8,83.9,432,166,True,False,False,False
2025-05-09 21:16:06.606000+00:00,30.7,84.1,436,162,True,False,False,False
2025-05-09 21:17:10.058000+00:00,30.7,84.3,433,170,False,True,False,False
2025-05-09 21:18:57.537000+00:00,30.4,85.1,439,166,True,True,False,False
2025-05-09 21:51:11.688000+00:00,30.2,86.0,442,161,True,True,True,False
2025-05-09 21:54:35.971000+00:00,30.5,86.5,499,135,False,False,True,True
2025-05-09 21:58:43+00:00,30.6,85.2,258,0,False,False,True,True
2025-05-09 22:10:03.746000+00:00,30.5,85.3,534,47,False,False,True,False
2025-05-09 22:43:57.020000+00:00,30.7,84.8,342,59,True,False,False,False
2025-05-09 22:52:10.814000+00:00,30.7,84.7,290,64,False,False,True,False
2025-05-09 23:06:43.708000+00:00,30.4,85.3,326,51,False,True,False,False
2025-05-09 23:18:03.043000+00:00,30.7,84.8,317,75,False,False,False,True
2025-05-09 23:42:44.409000+00:00,30.6,84.6,294,38,True,False,False,True
2025-05-10 00:09:32.761000+00:00,30.7,84.8,287,39,False,False,False,True
2025-05-10 00:25:05.240000+00:00,30.6,84.9,272,60,False,False,True,False
2025-05-10 00:26:07.302000+00:00,30.6,85.1,281,56,False,True,False,False
2025-05-10 00:54:59.085000+00:00,30.5,85.3,283,61,False,True,False,False
2025-05-10 00:57:02.393000+00:00,30.4,85.3,283,63,True,False,False,False
2025-05-10 01:01:08.960000+00:00,30.5,85.3,282,80,False,False,False,True
2025-05-10 01:26:50.733000+00:00,30.3,85.6,272,64,True,False,False,False
2025-05-10 01:36:07.204000+00:00,30.3,85.6,271,51,False,False,False,True
2025-05-10 02:00:49.567000+00:00,30.3,85.4,253,56,False,False,False,True
2025-05-10 02:01:51.213000+00:00,30.2,85.2,256,64,True,False,False,False
2025-05-10 02:35:46.560000+00:00,29.8,83.3,233,48,False,False,False,True
2025-05-10 02:53:16.604000+00:00,29.7,83.6,227,66,True,False,False,False
2025-05-10 05:33:08.166000+00:00,29.4,85.2,227,71,True,True,False,False
2025-05-10 05:33:19.693000+00:00,29.4,85.2,223,76,False,False,False,True
2025-05-10 05:38:28.707000+00:00,29.7,84.5,259,79,False,False,True,False
2025-05-10 08:16:51.138000+00:00,28.3,90.2,909,0,True,True,True,True
2025-05-10 08:17:07.220000+00:00,28.4,89.8,748,0,False,False,True,False
2025-05-10 08:18:11.700000+00:00,28.4,90.0,653,0,False,False,True,False
2025-05-10 08:19:15.864000+00:00,28.5,90.0,473,0,False,False,True,False
2025-05-10 08:26:02.801000+00:00,29.4,88.6,112,0,False,False,True,False
2025-05-10 08:27:05.065000+00:00,29.5,88.0,323,0,False,False,True,False
2025-05-10 08:29:09.169000+00:00,29.4,86.5,386,163,False,False,False,True
2025-05-10 08:36:23.762000+00:00,29.2,87.4,477,277,False,False,False,True
2025-05-10 08:58:11.656000+00:00,29.6,86.5,581,397,False,False,True,True
2025-05-10 08:59:35.986000+00:00,29.7,86.4,576,399,False,False,True,True
2025-05-10 09:00:15.355000+00:00,29.7,86.7,487,255,False,False,False,True
2025-05-10 09:04:23.162000+00:00,29.8,85.7,582,400,False,False,True,True
2025-05-10 09:05:25.229000+00:00,29.9,85.4,595,391,False,False,True,True
2025-05-10 09:06:27.271000+00:00,29.9,85.3,620,399,False,False,True,True
2025-05-10 09:07:29.325000+00:00,30.0,85.0,610,394,False,False,True,True
2025-05-10 09:08:31.371000+00:00,30.0,84.9,618,409,False,False,True,True
2025-05-10 09:09:35.876000+00:00,30.0,84.9,606,377,False,False,True,True
2025-05-10 09:11:43.215000+00:00,30.1,85.4,421,164,False,False,False,True
2025-05-10 09:16:05.666000+00:00,30.3,85.7,592,389,False,False,True,True
2025-05-10 09:17:07.922000+00:00,30.4,85.2,452,178,False,False,False,True
2025-05-10 09:21:16.543000+00:00,30.5,84.1,584,378,False,False,True,True
2025-05-10 09:22:18.384000+00:00,30.5,84.4,599,388,False,False,True,True
2025-05-10 09:23:20.464000+00:00,30.6,84.0,606,390,False,False,True,True
2025-05-10 09:24:22.516000+00:00,30.6,84.5,489,226,False,False,False,True
2025-05-10 09:37:51.892000+00:00,30.8,83.3,567,309,False,False,True,False
2025-05-10 09:39:56.022000+00:00,30.8,82.8,637,389,False,False,True,True
2025-05-10 09:40:58.122000+00:00,30.8,83.2,592,297,False,False,True,False
2025-05-10 09:42:00.356000+00:00,30.9,82.4,630,375,False,False,True,True
2025-05-10 09:43:02.370000+00:00,30.9,83.3,654,380,False,False,True,True
2025-05-10 09:44:04.460000+00:00,31.1,82.9,703,451,False,False,True,True
2025-05-10 09:45:06.489000+00:00,31.1,82.6,677,403,False,False,True,True
